HV_BRU_ALC_2023-04-08_HV9003,HV9003,2023-04-08,2023-04-08,16:35,19:05,02:30,0,HV,BRU,ALC,2023-04-07,1,152
HV_BRU_ALC_2023-04-09_HV9003,HV9003,2023-04-09,2023-04-09,17:25,19:55,02:30,0,HV,BRU,ALC,2023-04-07,-1,138
HV_BRU_ALC_2023-04-11_HV9003,HV9003,2023-04-11,2023-04-11,17:25,19:55,02:30,0,HV,BRU,ALC,2023-04-07,4,138
HV_BRU_ALC_2023-04-12_HV9003,HV9003,2023-04-12,2023-04-12,16:05,18:35,02:30,0,HV,BRU,ALC,2023-04-07,4,138
HV_BRU_ALC_2023-04-13_HV9003,HV9003,2023-04-13,2023-04-13,6:50,9:15,02:25,0,HV,BRU,ALC,2023-04-07,9,73
HV_BRU_ALC_2023-04-14_HV9121,HV9121,2023-04-14,2023-04-14,16:45,19:10,02:25,0,HV,BRU,ALC,2023-04-07,1,91
HV_BRU_ALC_2023-04-15_HV9003,HV9003,2023-04-15,2023-04-15,16:35,19:05,02:30,0,HV,BRU,ALC,2023-04-07,5,101
HV_BRU_ALC_2023-04-16_HV9003,HV9003,2023-04-16,2023-04-16,17:25,19:55,02:30,0,HV,BRU,ALC,2023-04-07,5,112
HV_BRU_ALC_2023-04-18_HV9003,HV9003,2023-04-18,2023-04-18,17:25,19:55,02:30,0,HV,BRU,ALC,2023-04-07,4,101
HV_BRU_ALC_2023-04-19_HV9003,HV9003,2023-04-19,2023-04-19,16:05,18:35,02:30,0,HV,BRU,ALC,2023-04-07,3,112
HV_BRU_ALC_2023-04-20_HV9003,HV9003,2023-04-20,2023-04-20,6:50,9:15,02:25,0,HV,BRU,ALC,2023-04-07,6,112
HV_BRU_ALC_2023-04-22_HV9003,HV9003,2023-04-22,2023-04-22,16:20,18:50,02:30,0,HV,BRU,ALC,2023-04-07,6,234
HV_BRU_ALC_2023-04-23_HV9003,HV9003,2023-04-23,2023-04-23,17:25,19:55,02:30,0,HV,BRU,ALC,2023-04-07,4,182
HV_BRU_ALC_2023-04-25_HV9003,HV9003,2023-04-25,2023-04-25,17:25,19:55,02:30,0,HV,BRU,ALC,2023-04-07,6,167
HV_BRU_ALC_2023-04-26_HV9003,HV9003,2023-04-26,2023-04-26,16:05,18:35,02:30,0,HV,BRU,ALC,2023-04-07,6,199
HV_BRU_ALC_2023-04-27_HV9003,HV9003,2023-04-27,2023-04-27,6:50,9:15,02:25,0,HV,BRU,ALC,2023-04-07,-1,182
HV_BRU_ALC_2023-04-29_HV9003,HV9003,2023-04-29,2023-04-29,16:20,18:50,02:30,0,HV,BRU,ALC,2023-04-07,3,217
HV_BRU_ALC_2023-04-30_HV9003,HV9003,2023-04-30,2023-04-30,17:25,19:55,02:30,0,HV,BRU,ALC,2023-04-07,7,234
HV_BRU_ALC_2023-05-02_HV9003,HV9003,2023-05-02,2023-05-02,17:25,19:55,02:30,0,HV,BRU,ALC,2023-04-07,1,152
HV_BRU_ALC_2023-05-03_HV9003,HV9003,2023-05-03,2023-05-03,16:05,18:35,02:30,0,HV,BRU,ALC,2023-04-07,-1,152
HV_BRU_ALC_2023-05-04_HV9003,HV9003,2023-05-04,2023-05-04,6:50,9:15,02:25,0,HV,BRU,ALC,2023-04-07,2,112
HV_BRU_ALC_2023-05-06_HV9003,HV9003,2023-05-06,2023-05-06,16:20,18:50,02:30,0,HV,BRU,ALC,2023-04-07,1,138
HV_BRU_ALC_2023-05-07_HV9003,HV9003,2023-05-07,2023-05-07,17:25,19:55,02:30,0,HV,BRU,ALC,2023-04-07,-1,138
HV_BRU_ALC_2023-05-09_HV9003,HV9003,2023-05-09,2023-05-09,17:25,19:55,02:30,0,HV,BRU,ALC,2023-04-07,6,138
HV_BRU_ALC_2023-05-10_HV9003,HV9003,2023-05-10,2023-05-10,16:05,18:35,02:30,0,HV,BRU,ALC,2023-04-07,-1,152
HV_BRU_ALC_2023-05-11_HV9003,HV9003,2023-05-11,2023-05-11,6:50,9:15,02:25,0,HV,BRU,ALC,2023-04-07,-1,112
HV_BRU_ALC_2023-05-13_HV9003,HV9003,2023-05-13,2023-05-13,16:20,18:50,02:30,0,HV,BRU,ALC,2023-04-07,-1,199
HV_BRU_ALC_2023-05-14_HV9003,HV9003,2023-05-14,2023-05-14,17:25,19:55,02:30,0,HV,BRU,ALC,2023-04-07,-1,167
HV_BRU_ALC_2023-05-16_HV9003,HV9003,2023-05-16,2023-05-16,17:25,19:55,02:30,0,HV,BRU,ALC,2023-04-07,-1,182
HV_BRU_ALC_2023-05-17_HV9003,HV9003,2023-05-17,2023-05-17,16:05,18:35,02:30,0,HV,BRU,ALC,2023-04-07,-1,256
HV_BRU_ALC_2023-05-18_HV9003,HV9003,2023-05-18,2023-05-18,6:50,9:15,02:25,0,HV,BRU,ALC,2023-04-07,-1,256
HV_BRU_ALC_2023-05-20_HV9003,HV9003,2023-05-20,2023-05-20,16:20,18:50,02:30,0,HV,BRU,ALC,2023-04-07,-1,138
HV_BRU_ALC_2023-05-21_HV9003,HV9003,2023-05-21,2023-05-21,17:25,19:55,02:30,0,HV,BRU,ALC,2023-04-07,-1,125
HV_BRU_ALC_2023-05-23_HV9003,HV9003,2023-05-23,2023-05-23,17:25,19:55,02:30,0,HV,BRU,ALC,2023-04-07,-1,112
HV_BRU_ALC_2023-05-24_HV9003,HV9003,2023-05-24,2023-05-24,16:05,18:35,02:30,0,HV,BRU,ALC,2023-04-07,1,112
HV_BRU_ALC_2023-05-25_HV9003,HV9003,2023-05-25,2023-05-25,6:50,9:15,02:25,0,HV,BRU,ALC,2023-04-07,-1,112
HV_BRU_ALC_2023-05-27_HV9003,HV9003,2023-05-27,2023-05-27,16:20,18:50,02:30,0,HV,BRU,ALC,2023-04-07,-1,152
HV_BRU_ALC_2023-05-28_HV9003,HV9003,2023-05-28,2023-05-28,17:25,19:55,02:30,0,HV,BRU,ALC,2023-04-07,-1,138
HV_BRU_ALC_2023-05-30_HV9003,HV9003,2023-05-30,2023-05-30,17:25,19:55,02:30,0,HV,BRU,ALC,2023-04-07,-1,112
HV_BRU_ALC_2023-05-31_HV9003,HV9003,2023-05-31,2023-05-31,16:05,18:35,02:30,0,HV,BRU,ALC,2023-04-07,10,125
HV_BRU_ALC_2023-06-01_HV9003,HV9003,2023-06-01,2023-06-01,6:50,9:15,02:25,0,HV,BRU,ALC,2023-04-07,8,101
HV_BRU_ALC_2023-06-03_HV9003,HV9003,2023-06-03,2023-06-03,16:20,18:50,02:30,0,HV,BRU,ALC,2023-04-07,3,138
HV_BRU_ALC_2023-06-04_HV9003,HV9003,2023-06-04,2023-06-04,17:25,19:55,02:30,0,HV,BRU,ALC,2023-04-07,-1,112
HV_BRU_ALC_2023-06-06_HV9003,HV9003,2023-06-06,2023-06-06,17:25,19:55,02:30,0,HV,BRU,ALC,2023-04-07,-1,101
HV_BRU_ALC_2023-06-07_HV9003,HV9003,2023-06-07,2023-06-07,16:05,18:35,02:30,0,HV,BRU,ALC,2023-04-07,4,112
HV_BRU_ALC_2023-06-08_HV9003,HV9003,2023-06-08,2023-06-08,6:50,9:15,02:25,0,HV,BRU,ALC,2023-04-07,5,112
HV_BRU_ALC_2023-06-10_HV9003,HV9003,2023-06-10,2023-06-10,16:20,18:50,02:30,0,HV,BRU,ALC,2023-04-07,5,112
HV_BRU_ALC_2023-06-11_HV9003,HV9003,2023-06-11,2023-06-11,17:25,19:55,02:30,0,HV,BRU,ALC,2023-04-07,5,112
HV_BRU_ALC_2023-06-13_HV9003,HV9003,2023-06-13,2023-06-13,17:25,19:55,02:30,0,HV,BRU,ALC,2023-04-07,-1,101
HV_BRU_ALC_2023-06-14_HV9003,HV9003,2023-06-14,2023-06-14,16:05,18:35,02:30,0,HV,BRU,ALC,2023-04-07,-1,101
HV_BRU_ALC_2023-06-15_HV9003,HV9003,2023-06-15,2023-06-15,6:50,9:15,02:25,0,HV,BRU,ALC,2023-04-07,2,91
HV_BRU_ALC_2023-06-17_HV9003,HV9003,2023-06-17,2023-06-17,16:20,18:50,02:30,0,HV,BRU,ALC,2023-04-07,7,101
HV_BRU_ALC_2023-06-18_HV9003,HV9003,2023-06-18,2023-06-18,17:25,19:55,02:30,0,HV,BRU,ALC,2023-04-07,-1,101
HV_BRU_ALC_2023-06-20_HV9003,HV9003,2023-06-20,2023-06-20,17:25,19:55,02:30,0,HV,BRU,ALC,2023-04-07,-1,91
HV_BRU_ALC_2023-06-21_HV9003,HV9003,2023-06-21,2023-06-21,16:05,18:35,02:30,0,HV,BRU,ALC,2023-04-07,3,112
HV_BRU_ALC_2023-06-22_HV9003,HV9003,2023-06-22,2023-06-22,6:50,9:15,02:25,0,HV,BRU,ALC,2023-04-07,1,82
HV_BRU_ALC_2023-06-24_HV9003,HV9003,2023-06-24,2023-06-24,16:20,18:50,02:30,0,HV,BRU,ALC,2023-04-07,-1,101
HV_BRU_ALC_2023-06-25_HV9003,HV9003,2023-06-25,2023-06-25,17:25,19:55,02:30,0,HV,BRU,ALC,2023-04-07,4,112
HV_BRU_ALC_2023-06-27_HV9003,HV9003,2023-06-27,2023-06-27,17:25,19:55,02:30,0,HV,BRU,ALC,2023-04-07,5,101
HV_BRU_ALC_2023-06-28_HV9003,HV9003,2023-06-28,2023-06-28,16:05,18:35,02:30,0,HV,BRU,ALC,2023-04-07,-1,167
HV_BRU_ALC_2023-06-29_HV9003,HV9003,2023-06-29,2023-06-29,6:35,9:05,02:30,0,HV,BRU,ALC,2023-04-07,-1,138
HV_BRU_ALC_2023-07-01_HV9015,HV9015,2023-07-01,2023-07-01,16:30,19:00,02:30,0,HV,BRU,ALC,2023-04-07,2,234
HV_BRU_ALC_2023-07-02_HV9121,HV9121,2023-07-02,2023-07-02,18:40,21:05,02:25,0,HV,BRU,ALC,2023-04-07,-1,204
HV_BRU_ALC_2023-07-03_HV9121,HV9121,2023-07-03,2023-07-03,18:25,20:50,02:25,0,HV,BRU,ALC,2023-04-07,7,204
HV_BRU_ALC_2023-07-04_HV9005,HV9005,2023-07-04,2023-07-04,16:10,18:40,02:30,0,HV,BRU,ALC,2023-04-07,-1,219
HV_BRU_ALC_2023-07-05_HV9005,HV9005,2023-07-05,2023-07-05,16:20,18:45,02:25,0,HV,BRU,ALC,2023-04-07,7,189
HV_BRU_ALC_2023-07-06_HV9003,HV9003,2023-07-06,2023-07-06,6:35,9:05,02:30,0,HV,BRU,ALC,2023-04-07,4,176
HV_BRU_ALC_2023-07-08_HV9015,HV9015,2023-07-08,2023-07-08,16:30,19:00,02:30,0,HV,BRU,ALC,2023-04-07,-1,234
HV_BRU_ALC_2023-07-09_HV9121,HV9121,2023-07-09,2023-07-09,18:40,21:05,02:25,0,HV,BRU,ALC,2023-04-07,-1,204
HV_BRU_ALC_2023-07-10_HV9121,HV9121,2023-07-10,2023-07-10,18:25,20:50,02:25,0,HV,BRU,ALC,2023-04-07,-1,204
HV_BRU_ALC_2023-07-11_HV9005,HV9005,2023-07-11,2023-07-11,16:10,18:40,02:30,0,HV,BRU,ALC,2023-04-07,2,162
HV_BRU_ALC_2023-07-12_HV9005,HV9005,2023-07-12,2023-07-12,16:20,18:45,02:25,0,HV,BRU,ALC,2023-04-07,2,162
HV_BRU_ALC_2023-07-13_HV9003,HV9003,2023-07-13,2023-07-13,6:35,9:05,02:30,0,HV,BRU,ALC,2023-04-07,1,176
HV_BRU_ALC_2023-07-15_HV9015,HV9015,2023-07-15,2023-07-15,16:30,19:00,02:30,0,HV,BRU,ALC,2023-04-07,9,249
HV_BRU_ALC_2023-07-16_HV9121,HV9121,2023-07-16,2023-07-16,18:40,21:05,02:25,0,HV,BRU,ALC,2023-04-07,1,189
HV_BRU_ALC_2023-07-17_HV9121,HV9121,2023-07-17,2023-07-17,18:25,20:50,02:25,0,HV,BRU,ALC,2023-04-07,-1,204
HV_BRU_ALC_2023-07-18_HV9005,HV9005,2023-07-18,2023-07-18,16:10,18:40,02:30,0,HV,BRU,ALC,2023-04-07,-1,189
HV_BRU_ALC_2023-07-19_HV9005,HV9005,2023-07-19,2023-07-19,16:20,18:45,02:25,0,HV,BRU,ALC,2023-04-07,3,176
HV_BRU_ALC_2023-07-20_HV9003,HV9003,2023-07-20,2023-07-20,6:35,9:05,02:30,0,HV,BRU,ALC,2023-04-07,-1,176
HV_BRU_ALC_2023-07-22_HV9015,HV9015,2023-07-22,2023-07-22,16:30,19:00,02:30,0,HV,BRU,ALC,2023-04-07,1,176
HV_BRU_ALC_2023-07-23_HV9121,HV9121,2023-07-23,2023-07-23,18:40,21:05,02:25,0,HV,BRU,ALC,2023-04-07,-1,176
HV_BRU_ALC_2023-07-24_HV9121,HV9121,2023-07-24,2023-07-24,18:25,20:50,02:25,0,HV,BRU,ALC,2023-04-07,1,189
HV_BRU_ALC_2023-07-25_HV9005,HV9005,2023-07-25,2023-07-25,16:10,18:40,02:30,0,HV,BRU,ALC,2023-04-07,-1,189
HV_BRU_ALC_2023-07-26_HV9005,HV9005,2023-07-26,2023-07-26,16:20,18:45,02:25,0,HV,BRU,ALC,2023-04-07,4,148
HV_BRU_ALC_2023-07-27_HV9003,HV9003,2023-07-27,2023-07-27,6:35,9:05,02:30,0,HV,BRU,ALC,2023-04-07,-1,122
HV_BRU_ALC_2023-07-29_HV9015,HV9015,2023-07-29,2023-07-29,16:30,19:00,02:30,0,HV,BRU,ALC,2023-04-07,-1,162
HV_BRU_ALC_2023-07-30_HV9121,HV9121,2023-07-30,2023-07-30,18:40,21:05,02:25,0,HV,BRU,ALC,2023-04-07,2,162
HV_BRU_ALC_2023-07-31_HV9121,HV9121,2023-07-31,2023-07-31,18:25,20:50,02:25,0,HV,BRU,ALC,2023-04-07,9,176
HV_BRU_ALC_2023-08-01_HV9005,HV9005,2023-08-01,2023-08-01,16:10,18:40,02:30,0,HV,BRU,ALC,2023-04-07,9,182
HV_BRU_ALC_2023-08-02_HV9005,HV9005,2023-08-02,2023-08-02,16:20,18:45,02:25,0,HV,BRU,ALC,2023-04-07,-1,167
HV_BRU_ALC_2023-08-03_HV9003,HV9003,2023-08-03,2023-08-03,6:35,9:05,02:30,0,HV,BRU,ALC,2023-04-07,7,125
HV_BRU_ALC_2023-08-05_HV9015,HV9015,2023-08-05,2023-08-05,16:30,19:00,02:30,0,HV,BRU,ALC,2023-04-07,3,125
HV_BRU_ALC_2023-08-06_HV9121,HV9121,2023-08-06,2023-08-06,18:40,21:05,02:25,0,HV,BRU,ALC,2023-04-07,10,112
HV_BRU_ALC_2023-08-07_HV9121,HV9121,2023-08-07,2023-08-07,18:25,20:50,02:25,0,HV,BRU,ALC,2023-04-07,2,112
HV_BRU_ALC_2023-08-08_HV9005,HV9005,2023-08-08,2023-08-08,16:10,18:40,02:30,0,HV,BRU,ALC,2023-04-07,8,112
HV_BRU_ALC_2023-08-09_HV9005,HV9005,2023-08-09,2023-08-09,16:20,18:45,02:25,0,HV,BRU,ALC,2023-04-07,2,125
HV_BRU_ALC_2023-08-10_HV9003,HV9003,2023-08-10,2023-08-10,6:35,9:05,02:30,0,HV,BRU,ALC,2023-04-07,9,91
HV_BRU_ALC_2023-08-12_HV9015,HV9015,2023-08-12,2023-08-12,16:30,19:00,02:30,0,HV,BRU,ALC,2023-04-07,-1,182
HV_BRU_ALC_2023-08-13_HV9121,HV9121,2023-08-13,2023-08-13,18:40,21:05,02:25,0,HV,BRU,ALC,2023-04-07,-1,125
HV_BRU_ALC_2023-08-14_HV9121,HV9121,2023-08-14,2023-08-14,18:25,20:50,02:25,0,HV,BRU,ALC,2023-04-07,1,112
HV_BRU_ALC_2023-08-15_HV9005,HV9005,2023-08-15,2023-08-15,16:10,18:40,02:30,0,HV,BRU,ALC,2023-04-07,7,125
HV_BRU_ALC_2023-08-16_HV9005,HV9005,2023-08-16,2023-08-16,16:20,18:45,02:25,0,HV,BRU,ALC,2023-04-07,5,112
HV_BRU_ALC_2023-08-17_HV9003,HV9003,2023-08-17,2023-08-17,6:35,9:05,02:30,0,HV,BRU,ALC,2023-04-07,7,101
HV_BRU_ALC_2023-08-19_HV9015,HV9015,2023-08-19,2023-08-19,16:30,19:00,02:30,0,HV,BRU,ALC,2023-04-07,4,82
HV_BRU_ALC_2023-08-20_HV9121,HV9121,2023-08-20,2023-08-20,18:40,21:05,02:25,0,HV,BRU,ALC,2023-04-07,-1,91
HV_BRU_ALC_2023-08-21_HV9121,HV9121,2023-08-21,2023-08-21,18:25,20:50,02:25,0,HV,BRU,ALC,2023-04-07,7,82
HV_BRU_ALC_2023-08-22_HV9005,HV9005,2023-08-22,2023-08-22,16:10,18:40,02:30,0,HV,BRU,ALC,2023-04-07,-1,101
HV_BRU_ALC_2023-08-23_HV9005,HV9005,2023-08-23,2023-08-23,16:20,18:45,02:25,0,HV,BRU,ALC,2023-04-07,1,82
HV_BRU_ALC_2023-08-24_HV9003,HV9003,2023-08-24,2023-08-24,6:35,9:05,02:30,0,HV,BRU,ALC,2023-04-07,10,65
HV_BRU_ALC_2023-08-26_HV9015,HV9015,2023-08-26,2023-08-26,16:30,19:00,02:30,0,HV,BRU,ALC,2023-04-07,3,82
HV_BRU_ALC_2023-08-27_HV9121,HV9121,2023-08-27,2023-08-27,18:40,21:05,02:25,0,HV,BRU,ALC,2023-04-07,4,65
HV_BRU_ALC_2023-08-28_HV9121,HV9121,2023-08-28,2023-08-28,7:30,9:55,02:25,0,HV,BRU,ALC,2023-04-07,5,59
HV_BRU_ALC_2023-08-29_HV9003,HV9003,2023-08-29,2023-08-29,17:25,19:55,02:30,0,HV,BRU,ALC,2023-04-07,7,73
HV_BRU_ALC_2023-08-30_HV9003,HV9003,2023-08-30,2023-08-30,16:05,18:35,02:30,0,HV,BRU,ALC,2023-04-07,-1,82
HV_BRU_ALC_2023-08-31_HV9003,HV9003,2023-08-31,2023-08-31,6:50,9:15,02:25,0,HV,BRU,ALC,2023-04-07,-1,101
HV_BRU_ALC_2023-09-02_HV9003,HV9003,2023-09-02,2023-09-02,16:20,18:50,02:30,0,HV,BRU,ALC,2023-04-07,2,112
HV_BRU_ALC_2023-09-03_HV9003,HV9003,2023-09-03,2023-09-03,17:25,19:55,02:30,0,HV,BRU,ALC,2023-04-07,-1,91
HV_BRU_ALC_2023-09-04_HV9121,HV9121,2023-09-04,2023-09-04,7:30,9:55,02:25,0,HV,BRU,ALC,2023-04-07,-1,101
HV_BRU_ALC_2023-09-05_HV9003,HV9003,2023-09-05,2023-09-05,17:25,19:55,02:30,0,HV,BRU,ALC,2023-04-07,9,91
HV_BRU_ALC_2023-09-06_HV9003,HV9003,2023-09-06,2023-09-06,16:05,18:35,02:30,0,HV,BRU,ALC,2023-04-07,-1,101
HV_BRU_ALC_2023-09-07_HV9003,HV9003,2023-09-07,2023-09-07,6:50,9:15,02:25,0,HV,BRU,ALC,2023-04-07,4,91
HV_BRU_ALC_2023-09-09_HV9003,HV9003,2023-09-09,2023-09-09,16:20,18:50,02:30,0,HV,BRU,ALC,2023-04-07,5,112
HV_BRU_ALC_2023-09-10_HV9003,HV9003,2023-09-10,2023-09-10,17:25,19:55,02:30,0,HV,BRU,ALC,2023-04-07,-1,91
HV_BRU_ALC_2023-09-11_HV9121,HV9121,2023-09-11,2023-09-11,7:30,9:55,02:25,0,HV,BRU,ALC,2023-04-07,7,82
HV_BRU_ALC_2023-09-12_HV9003,HV9003,2023-09-12,2023-09-12,17:25,19:55,02:30,0,HV,BRU,ALC,2023-04-07,-1,82
HV_BRU_ALC_2023-09-13_HV9003,HV9003,2023-09-13,2023-09-13,16:05,18:35,02:30,0,HV,BRU,ALC,2023-04-07,1,101
HV_BRU_ALC_2023-09-14_HV9003,HV9003,2023-09-14,2023-09-14,6:50,9:15,02:25,0,HV,BRU,ALC,2023-04-07,3,101
HV_BRU_ALC_2023-09-16_HV9003,HV9003,2023-09-16,2023-09-16,16:20,18:50,02:30,0,HV,BRU,ALC,2023-04-07,8,91
HV_BRU_ALC_2023-09-17_HV9003,HV9003,2023-09-17,2023-09-17,17:25,19:55,02:30,0,HV,BRU,ALC,2023-04-07,-1,82
HV_BRU_ALC_2023-09-18_HV9121,HV9121,2023-09-18,2023-09-18,7:30,9:55,02:25,0,HV,BRU,ALC,2023-04-07,3,65
HV_BRU_ALC_2023-09-19_HV9003,HV9003,2023-09-19,2023-09-19,17:25,19:55,02:30,0,HV,BRU,ALC,2023-04-07,7,73
HV_BRU_ALC_2023-09-20_HV9003,HV9003,2023-09-20,2023-09-20,16:05,18:35,02:30,0,HV,BRU,ALC,2023-04-07,5,101
HV_BRU_ALC_2023-09-21_HV9003,HV9003,2023-09-21,2023-09-21,6:50,9:15,02:25,0,HV,BRU,ALC,2023-04-07,5,91
HV_BRU_ALC_2023-09-23_HV9003,HV9003,2023-09-23,2023-09-23,16:20,18:50,02:30,0,HV,BRU,ALC,2023-04-07,-1,101
HV_BRU_ALC_2023-09-24_HV9003,HV9003,2023-09-24,2023-09-24,17:25,19:55,02:30,0,HV,BRU,ALC,2023-04-07,-1,82
HV_BRU_ALC_2023-09-25_HV9121,HV9121,2023-09-25,2023-09-25,7:30,9:55,02:25,0,HV,BRU,ALC,2023-04-07,-1,59
HV_BRU_ALC_2023-09-26_HV9003,HV9003,2023-09-26,2023-09-26,17:25,19:55,02:30,0,HV,BRU,ALC,2023-04-07,5,82
HV_BRU_ALC_2023-09-27_HV9003,HV9003,2023-09-27,2023-09-27,16:05,18:35,02:30,0,HV,BRU,ALC,2023-04-07,-1,73
HV_BRU_ALC_2023-09-28_HV9003,HV9003,2023-09-28,2023-09-28,6:50,9:15,02:25,0,HV,BRU,ALC,2023-04-07,-1,91
HV_BRU_ALC_2023-09-30_HV9003,HV9003,2023-09-30,2023-09-30,16:20,18:50,02:30,0,HV,BRU,ALC,2023-04-07,4,101
HV_BRU_ALC_2023-10-01_HV9003,HV9003,2023-10-01,2023-10-01,17:25,19:55,02:30,0,HV,BRU,ALC,2023-04-07,-1,82
HV_BRU_ALC_2023-10-02_HV9121,HV9121,2023-10-02,2023-10-02,7:30,9:55,02:25,0,HV,BRU,ALC,2023-04-07,-1,65
HV_BRU_ALC_2023-10-03_HV9003,HV9003,2023-10-03,2023-10-03,17:25,19:55,02:30,0,HV,BRU,ALC,2023-04-07,4,82
HV_BRU_ALC_2023-10-04_HV9003,HV9003,2023-10-04,2023-10-04,16:05,18:35,02:30,0,HV,BRU,ALC,2023-04-07,2,73
HV_BRU_ALC_2023-10-05_HV9003,HV9003,2023-10-05,2023-10-05,6:50,9:15,02:25,0,HV,BRU,ALC,2023-04-07,9,112
HV_BRU_ALC_2023-10-07_HV9003,HV9003,2023-10-07,2023-10-07,16:20,18:50,02:30,0,HV,BRU,ALC,2023-04-07,6,73
HV_BRU_ALC_2023-10-08_HV9003,HV9003,2023-10-08,2023-10-08,17:25,19:55,02:30,0,HV,BRU,ALC,2023-04-07,8,59
HV_BRU_ALC_2023-10-09_HV9121,HV9121,2023-10-09,2023-10-09,7:30,9:55,02:25,0,HV,BRU,ALC,2023-04-07,6,49
HV_BRU_ALC_2023-10-10_HV9003,HV9003,2023-10-10,2023-10-10,17:25,19:55,02:30,0,HV,BRU,ALC,2023-04-07,1,65
HV_BRU_ALC_2023-10-11_HV9003,HV9003,2023-10-11,2023-10-11,16:05,18:35,02:30,0,HV,BRU,ALC,2023-04-07,10,82
HV_BRU_ALC_2023-10-12_HV9003,HV9003,2023-10-12,2023-10-12,6:50,9:15,02:25,0,HV,BRU,ALC,2023-04-07,7,73
HV_BRU_ALC_2023-10-14_HV9003,HV9003,2023-10-14,2023-10-14,16:20,18:50,02:30,0,HV,BRU,ALC,2023-04-07,7,138
HV_BRU_ALC_2023-10-15_HV9003,HV9003,2023-10-15,2023-10-15,17:25,19:55,02:30,0,HV,BRU,ALC,2023-04-07,1,82
HV_BRU_ALC_2023-10-16_HV9121,HV9121,2023-10-16,2023-10-16,7:30,9:55,02:25,0,HV,BRU,ALC,2023-04-07,-1,73
HV_BRU_ALC_2023-10-17_HV9003,HV9003,2023-10-17,2023-10-17,17:25,19:55,02:30,0,HV,BRU,ALC,2023-04-07,10,65
HV_BRU_ALC_2023-10-18_HV9003,HV9003,2023-10-18,2023-10-18,16:05,18:35,02:30,0,HV,BRU,ALC,2023-04-07,-1,59
HV_BRU_ALC_2023-10-19_HV9003,HV9003,2023-10-19,2023-10-19,6:50,9:15,02:25,0,HV,BRU,ALC,2023-04-07,-1,73
HV_BRU_ALC_2023-10-21_HV9003,HV9003,2023-10-21,2023-10-21,16:20,18:50,02:30,0,HV,BRU,ALC,2023-04-07,5,112
HV_BRU_ALC_2023-10-22_HV9003,HV9003,2023-10-22,2023-10-22,17:25,19:55,02:30,0,HV,BRU,ALC,2023-04-07,-1,101
HV_BRU_ALC_2023-10-23_HV9121,HV9121,2023-10-23,2023-10-23,7:30,9:55,02:25,0,HV,BRU,ALC,2023-04-07,7,59
HV_BRU_ALC_2023-10-24_HV9003,HV9003,2023-10-24,2023-10-24,17:25,19:55,02:30,0,HV,BRU,ALC,2023-04-07,-1,82
HV_BRU_ALC_2023-10-25_HV9003,HV9003,2023-10-25,2023-10-25,16:05,18:35,02:30,0,HV,BRU,ALC,2023-04-07,4,82
HV_BRU_ALC_2023-10-26_HV9003,HV9003,2023-10-26,2023-10-26,6:50,9:15,02:25,0,HV,BRU,ALC,2023-04-07,-1,112
HV_BRU_ALC_2023-10-28_HV9003,HV9003,2023-10-28,2023-10-28,16:20,18:50,02:30,0,HV,BRU,ALC,2023-04-07,3,199
HV_BRU_ALC_2023-10-29_HV9003,HV9003,2023-10-29,2023-10-29,16:20,18:50,02:30,0,HV,BRU,ALC,2023-04-07,1,125
HV_BRU_HER_2023-04-08_HV9209,HV9209,2023-04-08,2023-04-08,6:35,11:00,04:25,0,HV,BRU,HER,2023-04-07,6,175
HV_BRU_HER_2023-04-11_HV9211,HV9211,2023-04-11,2023-04-11,7:10,11:35,04:25,0,HV,BRU,HER,2023-04-07,1,117
HV_BRU_HER_2023-04-15_HV9209,HV9209,2023-04-15,2023-04-15,6:35,11:00,04:25,0,HV,BRU,HER,2023-04-07,3,117
HV_BRU_HER_2023-04-18_HV9211,HV9211,2023-04-18,2023-04-18,7:10,11:35,04:25,0,HV,BRU,HER,2023-04-07,10,146
HV_BRU_HER_2023-04-22_HV9209,HV9209,2023-04-22,2023-04-22,6:35,11:00,04:25,0,HV,BRU,HER,2023-04-07,-1,329
HV_BRU_HER_2023-04-29_HV9209,HV9209,2023-04-29,2023-04-29,6:35,11:00,04:25,0,HV,BRU,HER,2023-04-07,9,329
HV_BRU_HER_2023-05-02_HV9211,HV9211,2023-05-02,2023-05-02,7:10,11:35,04:25,0,HV,BRU,HER,2023-04-07,4,241
HV_BRU_HER_2023-05-06_HV9209,HV9209,2023-05-06,2023-05-06,6:35,11:00,04:25,0,HV,BRU,HER,2023-04-07,9,207
HV_BRU_HER_2023-05-09_HV9211,HV9211,2023-05-09,2023-05-09,7:10,11:35,04:25,0,HV,BRU,HER,2023-04-07,7,241
HV_BRU_HER_2023-05-13_HV9209,HV9209,2023-05-13,2023-05-13,6:35,11:00,04:25,0,HV,BRU,HER,2023-04-07,7,241
HV_BRU_HER_2023-05-16_HV9211,HV9211,2023-05-16,2023-05-16,7:10,11:35,04:25,0,HV,BRU,HER,2023-04-07,4,175
HV_BRU_HER_2023-05-20_HV9209,HV9209,2023-05-20,2023-05-20,6:35,11:00,04:25,0,HV,BRU,HER,2023-04-07,2,146
HV_BRU_HER_2023-05-23_HV9211,HV9211,2023-05-23,2023-05-23,7:10,11:35,04:25,0,HV,BRU,HER,2023-04-07,4,146
HV_BRU_HER_2023-05-27_HV9209,HV9209,2023-05-27,2023-05-27,6:35,11:00,04:25,0,HV,BRU,HER,2023-04-07,1,175
HV_BRU_HER_2023-05-30_HV9211,HV9211,2023-05-30,2023-05-30,7:10,11:35,04:25,0,HV,BRU,HER,2023-04-07,-1,191
HV_BRU_HER_2023-06-03_HV9209,HV9209,2023-06-03,2023-06-03,6:35,11:00,04:25,0,HV,BRU,HER,2023-04-07,4,161
HV_BRU_HER_2023-06-06_HV9211,HV9211,2023-06-06,2023-06-06,7:10,11:35,04:25,0,HV,BRU,HER,2023-04-07,-1,175
HV_BRU_HER_2023-06-10_HV9209,HV9209,2023-06-10,2023-06-10,6:35,11:00,04:25,0,HV,BRU,HER,2023-04-07,9,175
HV_BRU_HER_2023-06-13_HV9211,HV9211,2023-06-13,2023-06-13,7:10,11:35,04:25,0,HV,BRU,HER,2023-04-07,1,131
HV_BRU_HER_2023-06-17_HV9209,HV9209,2023-06-17,2023-06-17,6:35,11:00,04:25,0,HV,BRU,HER,2023-04-07,-1,146
HV_BRU_HER_2023-06-20_HV9211,HV9211,2023-06-20,2023-06-20,7:10,11:35,04:25,0,HV,BRU,HER,2023-04-07,3,92
HV_BRU_HER_2023-06-24_HV9209,HV9209,2023-06-24,2023-06-24,6:35,11:00,04:25,0,HV,BRU,HER,2023-04-07,9,161
HV_BRU_HER_2023-06-27_HV9211,HV9211,2023-06-27,2023-06-27,7:10,11:35,04:25,0,HV,BRU,HER,2023-04-07,1,146
HV_BRU_HER_2023-06-29_HV9211,HV9211,2023-06-29,2023-06-29,15:55,20:20,04:25,0,HV,BRU,HER,2023-04-07,-1,131
HV_BRU_HER_2023-07-01_HV9209,HV9209,2023-07-01,2023-07-01,6:35,11:00,04:25,0,HV,BRU,HER,2023-04-07,3,310
HV_BRU_HER_2023-07-04_HV9211,HV9211,2023-07-04,2023-07-04,7:15,11:40,04:25,0,HV,BRU,HER,2023-04-07,-1,222
HV_BRU_HER_2023-07-06_HV9211,HV9211,2023-07-06,2023-07-06,15:55,20:20,04:25,0,HV,BRU,HER,2023-04-07,5,222
HV_BRU_HER_2023-07-08_HV9209,HV9209,2023-07-08,2023-07-08,6:35,11:00,04:25,0,HV,BRU,HER,2023-04-07,4,292
HV_BRU_HER_2023-07-11_HV9211,HV9211,2023-07-11,2023-07-11,7:15,11:40,04:25,0,HV,BRU,HER,2023-04-07,1,258
HV_BRU_HER_2023-07-13_HV9211,HV9211,2023-07-13,2023-07-13,15:55,20:20,04:25,0,HV,BRU,HER,2023-04-07,4,206
HV_BRU_HER_2023-07-15_HV9209,HV9209,2023-07-15,2023-07-15,6:35,11:00,04:25,0,HV,BRU,HER,2023-04-07,3,274
HV_BRU_HER_2023-07-18_HV9211,HV9211,2023-07-18,2023-07-18,7:15,11:40,04:25,0,HV,BRU,HER,2023-04-07,5,258
HV_BRU_HER_2023-07-20_HV9211,HV9211,2023-07-20,2023-07-20,15:55,20:20,04:25,0,HV,BRU,HER,2023-04-07,1,222
HV_BRU_HER_2023-07-22_HV9209,HV9209,2023-07-22,2023-07-22,6:35,11:00,04:25,0,HV,BRU,HER,2023-04-07,7,310
HV_BRU_HER_2023-07-25_HV9211,HV9211,2023-07-25,2023-07-25,7:15,11:40,04:25,0,HV,BRU,HER,2023-04-07,2,292
HV_BRU_HER_2023-07-27_HV9211,HV9211,2023-07-27,2023-07-27,15:55,20:20,04:25,0,HV,BRU,HER,2023-04-07,3,222
HV_BRU_HER_2023-07-29_HV9209,HV9209,2023-07-29,2023-07-29,6:35,11:00,04:25,0,HV,BRU,HER,2023-04-07,-1,258
HV_BRU_HER_2023-08-01_HV9211,HV9211,2023-08-01,2023-08-01,7:15,11:40,04:25,0,HV,BRU,HER,2023-04-07,1,241
HV_BRU_HER_2023-08-03_HV9211,HV9211,2023-08-03,2023-08-03,15:55,20:20,04:25,0,HV,BRU,HER,2023-04-07,5,225
HV_BRU_HER_2023-08-05_HV9209,HV9209,2023-08-05,2023-08-05,6:35,11:00,04:25,0,HV,BRU,HER,2023-04-07,3,291
HV_BRU_HER_2023-08-08_HV9211,HV9211,2023-08-08,2023-08-08,7:15,11:40,04:25,0,HV,BRU,HER,2023-04-07,8,241
HV_BRU_HER_2023-08-10_HV9211,HV9211,2023-08-10,2023-08-10,15:55,20:20,04:25,0,HV,BRU,HER,2023-04-07,3,175
HV_BRU_HER_2023-08-12_HV9209,HV9209,2023-08-12,2023-08-12,6:35,11:00,04:25,0,HV,BRU,HER,2023-04-07,-1,241
HV_BRU_HER_2023-08-15_HV9211,HV9211,2023-08-15,2023-08-15,7:15,11:40,04:25,0,HV,BRU,HER,2023-04-07,7,161
HV_BRU_HER_2023-08-17_HV9211,HV9211,2023-08-17,2023-08-17,15:55,20:20,04:25,0,HV,BRU,HER,2023-04-07,6,131
HV_BRU_HER_2023-08-19_HV9209,HV9209,2023-08-19,2023-08-19,6:35,11:00,04:25,0,HV,BRU,HER,2023-04-07,9,161
HV_BRU_HER_2023-08-22_HV9211,HV9211,2023-08-22,2023-08-22,7:15,11:40,04:25,0,HV,BRU,HER,2023-04-07,2,161
HV_BRU_HER_2023-08-24_HV9211,HV9211,2023-08-24,2023-08-24,15:55,20:20,04:25,0,HV,BRU,HER,2023-04-07,5,65
HV_BRU_HER_2023-08-26_HV9209,HV9209,2023-08-26,2023-08-26,6:35,11:00,04:25,0,HV,BRU,HER,2023-04-07,5,104
HV_BRU_HER_2023-08-29_HV9211,HV9211,2023-08-29,2023-08-29,7:15,11:40,04:25,0,HV,BRU,HER,2023-04-07,10,104
HV_BRU_HER_2023-09-02_HV9209,HV9209,2023-09-02,2023-09-02,6:35,11:00,04:25,0,HV,BRU,HER,2023-04-07,-1,175
HV_BRU_HER_2023-09-05_HV9211,HV9211,2023-09-05,2023-09-05,7:15,11:40,04:25,0,HV,BRU,HER,2023-04-07,7,175
HV_BRU_HER_2023-09-09_HV9209,HV9209,2023-09-09,2023-09-09,6:35,11:00,04:25,0,HV,BRU,HER,2023-04-07,9,175
HV_BRU_HER_2023-09-12_HV9211,HV9211,2023-09-12,2023-09-12,7:15,11:40,04:25,0,HV,BRU,HER,2023-04-07,-1,146
HV_BRU_HER_2023-09-16_HV9209,HV9209,2023-09-16,2023-09-16,6:35,11:00,04:25,0,HV,BRU,HER,2023-04-07,2,131
HV_BRU_HER_2023-09-19_HV9211,HV9211,2023-09-19,2023-09-19,7:15,11:40,04:25,0,HV,BRU,HER,2023-04-07,1,92
HV_BRU_HER_2023-09-23_HV9209,HV9209,2023-09-23,2023-09-23,6:35,11:00,04:25,0,HV,BRU,HER,2023-04-07,9,117
HV_BRU_HER_2023-09-26_HV9211,HV9211,2023-09-26,2023-09-26,7:15,11:40,04:25,0,HV,BRU,HER,2023-04-07,-1,81
HV_BRU_HER_2023-09-30_HV9209,HV9209,2023-09-30,2023-09-30,6:35,11:00,04:25,0,HV,BRU,HER,2023-04-07,6,161
HV_BRU_HER_2023-10-03_HV9211,HV9211,2023-10-03,2023-10-03,7:15,11:40,04:25,0,HV,BRU,HER,2023-04-07,9,72
HV_BRU_HER_2023-10-07_HV9209,HV9209,2023-10-07,2023-10-07,6:35,11:00,04:25,0,HV,BRU,HER,2023-04-07,1,65
HV_BRU_HER_2023-10-14_HV9209,HV9209,2023-10-14,2023-10-14,6:35,11:00,04:25,0,HV,BRU,HER,2023-04-07,5,191
HV_BRU_HER_2023-10-21_HV9209,HV9209,2023-10-21,2023-10-21,6:35,11:00,04:25,0,HV,BRU,HER,2023-04-07,1,131
HV_BRU_FAO_2023-04-09_HV9007,HV9007,2023-04-09,2023-04-09,7:10,9:05,01:55,0,HV,BRU,FAO,2023-04-07,3,197
HV_BRU_FAO_2023-04-10_HV9007,HV9007,2023-04-10,2023-04-10,15:40,17:35,01:55,0,HV,BRU,FAO,2023-04-07,3,215
HV_BRU_FAO_2023-04-13_HV9007,HV9007,2023-04-13,2023-04-13,16:45,18:40,01:55,0,HV,BRU,FAO,2023-04-07,-1,87
HV_BRU_FAO_2023-04-14_HV9007,HV9007,2023-04-14,2023-04-14,7:15,9:10,01:55,0,HV,BRU,FAO,2023-04-07,-1,68
HV_BRU_FAO_2023-04-16_HV9007,HV9007,2023-04-16,2023-04-16,7:10,9:05,01:55,0,HV,BRU,FAO,2023-04-07,5,109
HV_BRU_FAO_2023-04-17_HV9007,HV9007,2023-04-17,2023-04-17,15:40,17:35,01:55,0,HV,BRU,FAO,2023-04-07,3,122
HV_BRU_FAO_2023-04-20_HV9007,HV9007,2023-04-20,2023-04-20,16:45,18:40,01:55,0,HV,BRU,FAO,2023-04-07,2,135
HV_BRU_FAO_2023-04-21_HV9007,HV9007,2023-04-21,2023-04-21,16:45,18:40,01:55,0,HV,BRU,FAO,2023-04-07,2,135
HV_BRU_FAO_2023-04-23_HV9007,HV9007,2023-04-23,2023-04-23,7:10,9:05,01:55,0,HV,BRU,FAO,2023-04-07,1,215
HV_BRU_FAO_2023-04-24_HV9007,HV9007,2023-04-24,2023-04-24,15:40,17:35,01:55,0,HV,BRU,FAO,2023-04-07,6,215
HV_BRU_FAO_2023-04-27_HV9007,HV9007,2023-04-27,2023-04-27,16:45,18:40,01:55,0,HV,BRU,FAO,2023-04-07,-1,215
HV_BRU_FAO_2023-04-28_HV9007,HV9007,2023-04-28,2023-04-28,7:15,9:10,01:55,0,HV,BRU,FAO,2023-04-07,-1,233
HV_BRU_FAO_2023-04-30_HV9007,HV9007,2023-04-30,2023-04-30,7:10,9:05,01:55,0,HV,BRU,FAO,2023-04-07,-1,180
HV_BRU_FAO_2023-05-01_HV9007,HV9007,2023-05-01,2023-05-01,15:40,17:35,01:55,0,HV,BRU,FAO,2023-04-07,3,180
HV_BRU_FAO_2023-05-04_HV9007,HV9007,2023-05-04,2023-05-04,16:45,18:40,01:55,0,HV,BRU,FAO,2023-04-07,-1,97
HV_BRU_FAO_2023-05-05_HV9007,HV9007,2023-05-05,2023-05-05,7:15,9:10,01:55,0,HV,BRU,FAO,2023-04-07,-1,97
HV_BRU_FAO_2023-05-07_HV9007,HV9007,2023-05-07,2023-05-07,7:10,9:05,01:55,0,HV,BRU,FAO,2023-04-07,-1,97
HV_BRU_FAO_2023-05-08_HV9007,HV9007,2023-05-08,2023-05-08,15:40,17:35,01:55,0,HV,BRU,FAO,2023-04-07,-1,97
HV_BRU_FAO_2023-05-11_HV9007,HV9007,2023-05-11,2023-05-11,16:45,18:40,01:55,0,HV,BRU,FAO,2023-04-07,-1,97
HV_BRU_FAO_2023-05-12_HV9007,HV9007,2023-05-12,2023-05-12,7:15,9:10,01:55,0,HV,BRU,FAO,2023-04-07,9,109
HV_BRU_FAO_2023-05-14_HV9007,HV9007,2023-05-14,2023-05-14,7:10,9:05,01:55,0,HV,BRU,FAO,2023-04-07,-1,109
HV_BRU_FAO_2023-05-15_HV9007,HV9007,2023-05-15,2023-05-15,15:40,17:35,01:55,0,HV,BRU,FAO,2023-04-07,-1,135
HV_BRU_FAO_2023-05-18_HV9007,HV9007,2023-05-18,2023-05-18,16:45,18:40,01:55,0,HV,BRU,FAO,2023-04-07,1,165
HV_BRU_FAO_2023-05-19_HV9007,HV9007,2023-05-19,2023-05-19,7:15,9:10,01:55,0,HV,BRU,FAO,2023-04-07,-1,149
HV_BRU_FAO_2023-05-21_HV9007,HV9007,2023-05-21,2023-05-21,7:10,9:05,01:55,0,HV,BRU,FAO,2023-04-07,-1,97
HV_BRU_FAO_2023-05-22_HV9007,HV9007,2023-05-22,2023-05-22,15:40,17:35,01:55,0,HV,BRU,FAO,2023-04-07,7,109
HV_BRU_FAO_2023-05-25_HV9007,HV9007,2023-05-25,2023-05-25,16:45,18:40,01:55,0,HV,BRU,FAO,2023-04-07,4,122
HV_BRU_FAO_2023-05-26_HV9007,HV9007,2023-05-26,2023-05-26,7:15,9:10,01:55,0,HV,BRU,FAO,2023-04-07,-1,135
HV_BRU_FAO_2023-05-28_HV9007,HV9007,2023-05-28,2023-05-28,7:10,9:05,01:55,0,HV,BRU,FAO,2023-04-07,8,135
HV_BRU_FAO_2023-05-29_HV9007,HV9007,2023-05-29,2023-05-29,15:40,17:35,01:55,0,HV,BRU,FAO,2023-04-07,-1,135
HV_BRU_FAO_2023-06-01_HV9007,HV9007,2023-06-01,2023-06-01,16:45,18:40,01:55,0,HV,BRU,FAO,2023-04-07,-1,135
HV_BRU_FAO_2023-06-02_HV9007,HV9007,2023-06-02,2023-06-02,7:15,9:10,01:55,0,HV,BRU,FAO,2023-04-07,5,122
HV_BRU_FAO_2023-06-04_HV9007,HV9007,2023-06-04,2023-06-04,7:10,9:05,01:55,0,HV,BRU,FAO,2023-04-07,-1,87
HV_BRU_FAO_2023-06-05_HV9007,HV9007,2023-06-05,2023-06-05,15:40,17:35,01:55,0,HV,BRU,FAO,2023-04-07,3,109
HV_BRU_FAO_2023-06-08_HV9007,HV9007,2023-06-08,2023-06-08,16:45,18:40,01:55,0,HV,BRU,FAO,2023-04-07,5,87
HV_BRU_FAO_2023-06-09_HV9007,HV9007,2023-06-09,2023-06-09,7:15,9:10,01:55,0,HV,BRU,FAO,2023-04-07,4,87
HV_BRU_FAO_2023-06-11_HV9007,HV9007,2023-06-11,2023-06-11,7:10,9:05,01:55,0,HV,BRU,FAO,2023-04-07,-1,87
HV_BRU_FAO_2023-06-12_HV9007,HV9007,2023-06-12,2023-06-12,15:40,17:35,01:55,0,HV,BRU,FAO,2023-04-07,2,87
HV_BRU_FAO_2023-06-15_HV9007,HV9007,2023-06-15,2023-06-15,16:45,18:40,01:55,0,HV,BRU,FAO,2023-04-07,1,68
HV_BRU_FAO_2023-06-16_HV9007,HV9007,2023-06-16,2023-06-16,7:15,9:10,01:55,0,HV,BRU,FAO,2023-04-07,2,78
HV_BRU_FAO_2023-06-18_HV9007,HV9007,2023-06-18,2023-06-18,7:10,9:05,01:55,0,HV,BRU,FAO,2023-04-07,-1,87
HV_BRU_FAO_2023-06-19_HV9007,HV9007,2023-06-19,2023-06-19,15:40,17:35,01:55,0,HV,BRU,FAO,2023-04-07,6,61
HV_BRU_FAO_2023-06-22_HV9007,HV9007,2023-06-22,2023-06-22,16:45,18:40,01:55,0,HV,BRU,FAO,2023-04-07,7,78
HV_BRU_FAO_2023-06-23_HV9007,HV9007,2023-06-23,2023-06-23,7:15,9:10,01:55,0,HV,BRU,FAO,2023-04-07,-1,97
HV_BRU_FAO_2023-06-25_HV9007,HV9007,2023-06-25,2023-06-25,7:10,9:05,01:55,0,HV,BRU,FAO,2023-04-07,10,180
HV_BRU_FAO_2023-06-26_HV9007,HV9007,2023-06-26,2023-06-26,15:40,17:35,01:55,0,HV,BRU,FAO,2023-04-07,-1,233
HV_BRU_FAO_2023-06-29_HV9007,HV9007,2023-06-29,2023-06-29,15:40,17:35,01:55,0,HV,BRU,FAO,2023-04-07,-1,233
HV_BRU_FAO_2023-06-30_HV9007,HV9007,2023-06-30,2023-06-30,7:10,9:05,01:55,0,HV,BRU,FAO,2023-04-07,-1,176
HV_BRU_FAO_2023-07-01_HV9011,HV9011,2023-07-01,2023-07-01,17:05,19:00,01:55,0,HV,BRU,FAO,2023-04-07,-1,176
HV_BRU_FAO_2023-07-02_HV9007,HV9007,2023-07-02,2023-07-02,7:30,9:25,01:55,0,HV,BRU,FAO,2023-04-07,1,204
HV_BRU_FAO_2023-07-03_HV9021,HV9021,2023-07-03,2023-07-03,7:15,9:10,01:55,0,HV,BRU,FAO,2023-04-07,8,176
HV_BRU_FAO_2023-07-04_HV9007,HV9007,2023-07-04,2023-07-04,7:20,9:15,01:55,0,HV,BRU,FAO,2023-04-07,3,148
HV_BRU_FAO_2023-07-06_HV9007,HV9007,2023-07-06,2023-07-06,7:40,9:35,01:55,0,HV,BRU,FAO,2023-04-07,2,162
HV_BRU_FAO_2023-07-07_HV9007,HV9007,2023-07-07,2023-07-07,7:10,9:05,01:55,0,HV,BRU,FAO,2023-04-07,5,204
HV_BRU_FAO_2023-07-08_HV9011,HV9011,2023-07-08,2023-07-08,17:05,19:00,01:55,0,HV,BRU,FAO,2023-04-07,9,219
HV_BRU_FAO_2023-07-09_HV9007,HV9007,2023-07-09,2023-07-09,7:30,9:25,01:55,0,HV,BRU,FAO,2023-04-07,2,204
HV_BRU_FAO_2023-07-10_HV9021,HV9021,2023-07-10,2023-07-10,7:15,9:10,01:55,0,HV,BRU,FAO,2023-04-07,1,281
HV_BRU_FAO_2023-07-11_HV9007,HV9007,2023-07-11,2023-07-11,7:20,9:15,01:55,0,HV,BRU,FAO,2023-04-07,10,176
HV_BRU_FAO_2023-07-13_HV9007,HV9007,2023-07-13,2023-07-13,7:40,9:35,01:55,0,HV,BRU,FAO,2023-04-07,-1,219
HV_BRU_FAO_2023-07-14_HV9007,HV9007,2023-07-14,2023-07-14,7:10,9:05,01:55,0,HV,BRU,FAO,2023-04-07,-1,219
HV_BRU_FAO_2023-07-15_HV9011,HV9011,2023-07-15,2023-07-15,17:05,19:00,01:55,0,HV,BRU,FAO,2023-04-07,3,219
HV_BRU_FAO_2023-07-16_HV9007,HV9007,2023-07-16,2023-07-16,7:30,9:25,01:55,0,HV,BRU,FAO,2023-04-07,5,234
HV_BRU_FAO_2023-07-17_HV9021,HV9021,2023-07-17,2023-07-17,7:15,9:10,01:55,0,HV,BRU,FAO,2023-04-07,2,219
HV_BRU_FAO_2023-07-18_HV9007,HV9007,2023-07-18,2023-07-18,7:20,9:15,01:55,0,HV,BRU,FAO,2023-04-07,5,189
HV_BRU_FAO_2023-07-20_HV9007,HV9007,2023-07-20,2023-07-20,7:40,9:35,01:55,0,HV,BRU,FAO,2023-04-07,4,234
HV_BRU_FAO_2023-07-21_HV9007,HV9007,2023-07-21,2023-07-21,7:10,9:05,01:55,0,HV,BRU,FAO,2023-04-07,-1,219
HV_BRU_FAO_2023-07-22_HV9011,HV9011,2023-07-22,2023-07-22,17:05,19:00,01:55,0,HV,BRU,FAO,2023-04-07,-1,219
HV_BRU_FAO_2023-07-23_HV9007,HV9007,2023-07-23,2023-07-23,7:30,9:25,01:55,0,HV,BRU,FAO,2023-04-07,-1,219
HV_BRU_FAO_2023-07-24_HV9021,HV9021,2023-07-24,2023-07-24,7:15,9:10,01:55,0,HV,BRU,FAO,2023-04-07,1,249
HV_BRU_FAO_2023-07-25_HV9007,HV9007,2023-07-25,2023-07-25,7:20,9:15,01:55,0,HV,BRU,FAO,2023-04-07,1,148
HV_BRU_FAO_2023-07-27_HV9007,HV9007,2023-07-27,2023-07-27,7:40,9:35,01:55,0,HV,BRU,FAO,2023-04-07,1,204
HV_BRU_FAO_2023-07-28_HV9007,HV9007,2023-07-28,2023-07-28,7:10,9:05,01:55,0,HV,BRU,FAO,2023-04-07,3,148
HV_BRU_FAO_2023-07-29_HV9011,HV9011,2023-07-29,2023-07-29,17:05,19:00,01:55,0,HV,BRU,FAO,2023-04-07,7,176
HV_BRU_FAO_2023-07-30_HV9007,HV9007,2023-07-30,2023-07-30,7:30,9:25,01:55,0,HV,BRU,FAO,2023-04-07,-1,204
HV_BRU_FAO_2023-07-31_HV9021,HV9021,2023-07-31,2023-07-31,7:15,9:10,01:55,0,HV,BRU,FAO,2023-04-07,4,162
HV_BRU_FAO_2023-08-01_HV9007,HV9007,2023-08-01,2023-08-01,7:20,9:15,01:55,0,HV,BRU,FAO,2023-04-07,4,197
HV_BRU_FAO_2023-08-03_HV9007,HV9007,2023-08-03,2023-08-03,7:40,9:35,01:55,0,HV,BRU,FAO,2023-04-07,2,149
HV_BRU_FAO_2023-08-04_HV9007,HV9007,2023-08-04,2023-08-04,7:10,9:05,01:55,0,HV,BRU,FAO,2023-04-07,9,149
HV_BRU_FAO_2023-08-05_HV9011,HV9011,2023-08-05,2023-08-05,17:05,19:00,01:55,0,HV,BRU,FAO,2023-04-07,-1,135
HV_BRU_FAO_2023-08-06_HV9007,HV9007,2023-08-06,2023-08-06,7:30,9:25,01:55,0,HV,BRU,FAO,2023-04-07,5,165
HV_BRU_FAO_2023-08-07_HV9021,HV9021,2023-08-07,2023-08-07,7:15,9:10,01:55,0,HV,BRU,FAO,2023-04-07,1,135
HV_BRU_FAO_2023-08-08_HV9007,HV9007,2023-08-08,2023-08-08,7:20,9:15,01:55,0,HV,BRU,FAO,2023-04-07,6,97
HV_BRU_FAO_2023-08-10_HV9007,HV9007,2023-08-10,2023-08-10,7:40,9:35,01:55,0,HV,BRU,FAO,2023-04-07,5,135
HV_BRU_FAO_2023-08-11_HV9007,HV9007,2023-08-11,2023-08-11,7:10,9:05,01:55,0,HV,BRU,FAO,2023-04-07,5,135
HV_BRU_FAO_2023-08-12_HV9011,HV9011,2023-08-12,2023-08-12,17:05,19:00,01:55,0,HV,BRU,FAO,2023-04-07,5,109
HV_BRU_FAO_2023-08-13_HV9007,HV9007,2023-08-13,2023-08-13,7:30,9:25,01:55,0,HV,BRU,FAO,2023-04-07,6,109
HV_BRU_FAO_2023-08-14_HV9021,HV9021,2023-08-14,2023-08-14,7:15,9:10,01:55,0,HV,BRU,FAO,2023-04-07,6,109
HV_BRU_FAO_2023-08-15_HV9007,HV9007,2023-08-15,2023-08-15,7:20,9:15,01:55,0,HV,BRU,FAO,2023-04-07,1,68
HV_BRU_FAO_2023-08-17_HV9007,HV9007,2023-08-17,2023-08-17,7:40,9:35,01:55,0,HV,BRU,FAO,2023-04-07,10,97
HV_BRU_FAO_2023-08-18_HV9007,HV9007,2023-08-18,2023-08-18,7:10,9:05,01:55,0,HV,BRU,FAO,2023-04-07,7,68
HV_BRU_FAO_2023-08-19_HV9011,HV9011,2023-08-19,2023-08-19,17:05,19:00,01:55,0,HV,BRU,FAO,2023-04-07,10,61
HV_BRU_FAO_2023-08-20_HV9007,HV9007,2023-08-20,2023-08-20,7:30,9:25,01:55,0,HV,BRU,FAO,2023-04-07,7,68
HV_BRU_FAO_2023-08-21_HV9021,HV9021,2023-08-21,2023-08-21,7:15,9:10,01:55,0,HV,BRU,FAO,2023-04-07,5,87
HV_BRU_FAO_2023-08-22_HV9007,HV9007,2023-08-22,2023-08-22,7:20,9:15,01:55,0,HV,BRU,FAO,2023-04-07,8,54
HV_BRU_FAO_2023-08-24_HV9007,HV9007,2023-08-24,2023-08-24,7:40,9:35,01:55,0,HV,BRU,FAO,2023-04-07,6,68
HV_BRU_FAO_2023-08-25_HV9007,HV9007,2023-08-25,2023-08-25,7:10,9:05,01:55,0,HV,BRU,FAO,2023-04-07,2,49
HV_BRU_FAO_2023-08-26_HV9011,HV9011,2023-08-26,2023-08-26,17:05,19:00,01:55,0,HV,BRU,FAO,2023-04-07,1,44
HV_BRU_FAO_2023-08-27_HV9007,HV9007,2023-08-27,2023-08-27,7:30,9:25,01:55,0,HV,BRU,FAO,2023-04-07,10,61
HV_BRU_FAO_2023-08-28_HV9007,HV9007,2023-08-28,2023-08-28,15:40,17:35,01:55,0,HV,BRU,FAO,2023-04-07,4,54
HV_BRU_FAO_2023-08-29_HV9007,HV9007,2023-08-29,2023-08-29,7:30,9:25,01:55,0,HV,BRU,FAO,2023-04-07,1,44
HV_BRU_FAO_2023-08-31_HV9007,HV9007,2023-08-31,2023-08-31,16:45,18:40,01:55,0,HV,BRU,FAO,2023-04-07,1,97
HV_BRU_FAO_2023-09-01_HV9007,HV9007,2023-09-01,2023-09-01,7:15,9:10,01:55,0,HV,BRU,FAO,2023-04-07,8,122
HV_BRU_FAO_2023-09-03_HV9007,HV9007,2023-09-03,2023-09-03,7:25,9:20,01:55,0,HV,BRU,FAO,2023-04-07,-1,122
HV_BRU_FAO_2023-09-04_HV9007,HV9007,2023-09-04,2023-09-04,15:40,17:35,01:55,0,HV,BRU,FAO,2023-04-07,5,109
HV_BRU_FAO_2023-09-05_HV9007,HV9007,2023-09-05,2023-09-05,15:40,17:35,01:55,0,HV,BRU,FAO,2023-04-07,5,109
HV_BRU_FAO_2023-09-07_HV9007,HV9007,2023-09-07,2023-09-07,16:45,18:40,01:55,0,HV,BRU,FAO,2023-04-07,1,122
HV_BRU_FAO_2023-09-08_HV9007,HV9007,2023-09-08,2023-09-08,7:15,9:10,01:55,0,HV,BRU,FAO,2023-04-07,-1,97
HV_BRU_FAO_2023-09-10_HV9007,HV9007,2023-09-10,2023-09-10,7:25,9:20,01:55,0,HV,BRU,FAO,2023-04-07,2,97
HV_BRU_FAO_2023-09-11_HV9007,HV9007,2023-09-11,2023-09-11,15:40,17:35,01:55,0,HV,BRU,FAO,2023-04-07,5,122
HV_BRU_FAO_2023-09-12_HV9007,HV9007,2023-09-12,2023-09-12,7:30,9:25,01:55,0,HV,BRU,FAO,2023-04-07,4,61
HV_BRU_FAO_2023-09-14_HV9007,HV9007,2023-09-14,2023-09-14,16:45,18:40,01:55,0,HV,BRU,FAO,2023-04-07,8,122
HV_BRU_FAO_2023-09-15_HV9007,HV9007,2023-09-15,2023-09-15,7:15,9:10,01:55,0,HV,BRU,FAO,2023-04-07,3,78
HV_BRU_FAO_2023-09-17_HV9007,HV9007,2023-09-17,2023-09-17,7:25,9:20,01:55,0,HV,BRU,FAO,2023-04-07,-1,109
HV_BRU_FAO_2023-09-18_HV9007,HV9007,2023-09-18,2023-09-18,15:40,17:35,01:55,0,HV,BRU,FAO,2023-04-07,9,78
HV_BRU_FAO_2023-09-19_HV9007,HV9007,2023-09-19,2023-09-19,7:30,9:25,01:55,0,HV,BRU,FAO,2023-04-07,2,68
HV_BRU_FAO_2023-09-21_HV9007,HV9007,2023-09-21,2023-09-21,16:45,18:40,01:55,0,HV,BRU,FAO,2023-04-07,10,61
HV_BRU_FAO_2023-09-22_HV9007,HV9007,2023-09-22,2023-09-22,7:15,9:10,01:55,0,HV,BRU,FAO,2023-04-07,3,87
HV_BRU_FAO_2023-09-24_HV9007,HV9007,2023-09-24,2023-09-24,7:25,9:20,01:55,0,HV,BRU,FAO,2023-04-07,8,87
HV_BRU_FAO_2023-09-25_HV9007,HV9007,2023-09-25,2023-09-25,15:40,17:35,01:55,0,HV,BRU,FAO,2023-04-07,1,68
HV_BRU_FAO_2023-09-26_HV9007,HV9007,2023-09-26,2023-09-26,7:30,9:25,01:55,0,HV,BRU,FAO,2023-04-07,3,54
HV_BRU_FAO_2023-09-28_HV9007,HV9007,2023-09-28,2023-09-28,16:45,18:40,01:55,0,HV,BRU,FAO,2023-04-07,10,61
HV_BRU_FAO_2023-09-29_HV9007,HV9007,2023-09-29,2023-09-29,7:15,9:10,01:55,0,HV,BRU,FAO,2023-04-07,5,54
HV_BRU_FAO_2023-10-01_HV9007,HV9007,2023-10-01,2023-10-01,7:25,9:20,01:55,0,HV,BRU,FAO,2023-04-07,9,149
HV_BRU_FAO_2023-10-02_HV9007,HV9007,2023-10-02,2023-10-02,15:40,17:35,01:55,0,HV,BRU,FAO,2023-04-07,5,78
HV_BRU_FAO_2023-10-03_HV9007,HV9007,2023-10-03,2023-10-03,7:30,9:25,01:55,0,HV,BRU,FAO,2023-04-07,9,87
HV_BRU_FAO_2023-10-05_HV9007,HV9007,2023-10-05,2023-10-05,16:45,18:40,01:55,0,HV,BRU,FAO,2023-04-07,3,61
HV_BRU_FAO_2023-10-06_HV9007,HV9007,2023-10-06,2023-10-06,7:15,9:10,01:55,0,HV,BRU,FAO,2023-04-07,3,68
HV_BRU_FAO_2023-10-08_HV9007,HV9007,2023-10-08,2023-10-08,7:25,9:20,01:55,0,HV,BRU,FAO,2023-04-07,6,44
HV_BRU_FAO_2023-10-09_HV9007,HV9007,2023-10-09,2023-10-09,15:40,17:35,01:55,0,HV,BRU,FAO,2023-04-07,-1,44
HV_BRU_FAO_2023-10-10_HV9007,HV9007,2023-10-10,2023-10-10,7:30,9:25,01:55,0,HV,BRU,FAO,2023-04-07,3,49
HV_BRU_FAO_2023-10-12_HV9007,HV9007,2023-10-12,2023-10-12,16:45,18:40,01:55,0,HV,BRU,FAO,2023-04-07,6,68
HV_BRU_FAO_2023-10-13_HV9007,HV9007,2023-10-13,2023-10-13,7:15,9:10,01:55,0,HV,BRU,FAO,2023-04-07,8,122
HV_BRU_FAO_2023-10-15_HV9007,HV9007,2023-10-15,2023-10-15,7:25,9:20,01:55,0,HV,BRU,FAO,2023-04-07,6,149
HV_BRU_FAO_2023-10-16_HV9007,HV9007,2023-10-16,2023-10-16,15:40,17:35,01:55,0,HV,BRU,FAO,2023-04-07,-1,68
HV_BRU_FAO_2023-10-17_HV9007,HV9007,2023-10-17,2023-10-17,7:30,9:25,01:55,0,HV,BRU,FAO,2023-04-07,2,44
HV_BRU_FAO_2023-10-19_HV9007,HV9007,2023-10-19,2023-10-19,16:45,18:40,01:55,0,HV,BRU,FAO,2023-04-07,9,61
HV_BRU_FAO_2023-10-20_HV9007,HV9007,2023-10-20,2023-10-20,7:15,9:10,01:55,0,HV,BRU,FAO,2023-04-07,2,87
HV_BRU_FAO_2023-10-22_HV9007,HV9007,2023-10-22,2023-10-22,7:25,9:20,01:55,0,HV,BRU,FAO,2023-04-07,2,109
HV_BRU_FAO_2023-10-23_HV9007,HV9007,2023-10-23,2023-10-23,15:40,17:35,01:55,0,HV,BRU,FAO,2023-04-07,7,61
HV_BRU_FAO_2023-10-24_HV9007,HV9007,2023-10-24,2023-10-24,7:30,9:25,01:55,0,HV,BRU,FAO,2023-04-07,1,44
HV_BRU_FAO_2023-10-26_HV9007,HV9007,2023-10-26,2023-10-26,16:45,18:40,01:55,0,HV,BRU,FAO,2023-04-07,7,61
HV_BRU_FAO_2023-10-27_HV9007,HV9007,2023-10-27,2023-10-27,7:15,9:10,01:55,0,HV,BRU,FAO,2023-04-07,6,97
HV_BRU_FAO_2023-10-29_HV9007,HV9007,2023-10-29,2023-10-29,7:25,9:20,01:55,0,HV,BRU,FAO,2023-04-07,6,165
HV_BRU_FAO_2023-10-30_HV9007,HV9007,2023-10-30,2023-10-30,15:40,17:35,01:55,0,HV,BRU,FAO,2023-04-07,4,78
HV_BRU_FAO_2023-10-31_HV9007,HV9007,2023-10-31,2023-10-31,7:30,9:25,01:55,0,HV,BRU,FAO,2023-04-07,5,49
HV_BRU_FAO_2023-11-02_HV9007,HV9007,2023-11-02,2023-11-02,15:05,17:00,01:55,0,HV,BRU,FAO,2023-04-07,9,61
HV_BRU_FAO_2023-11-03_HV9007,HV9007,2023-11-03,2023-11-03,15:50,17:45,01:55,0,HV,BRU,FAO,2023-04-07,4,68
HV_BRU_FAO_2023-11-04_HV9007,HV9007,2023-11-04,2023-11-04,15:50,17:45,01:55,0,HV,BRU,FAO,2023-04-07,-1,68
HV_BRU_FAO_2023-11-05_HV9007,HV9007,2023-11-05,2023-11-05,7:25,9:20,01:55,0,HV,BRU,FAO,2023-04-07,-1,68
HV_BRU_IBZ_2023-04-10_HV9009,HV9009,2023-04-10,2023-04-10,6:30,8:55,02:25,0,HV,BRU,IBZ,2023-04-07,4,182
HV_BRU_IBZ_2023-04-12_HV9009,HV9009,2023-04-12,2023-04-12,6:30,8:55,02:25,0,HV,BRU,IBZ,2023-04-07,-1,100
HV_BRU_IBZ_2023-04-14_HV9009,HV9009,2023-04-14,2023-04-14,17:20,19:45,02:25,0,HV,BRU,IBZ,2023-04-07,5,66
HV_BRU_IBZ_2023-04-15_HV9009,HV9009,2023-04-15,2023-04-15,12:30,14:50,02:20,0,HV,BRU,IBZ,2023-04-07,8,66
HV_BRU_IBZ_2023-04-17_HV9009,HV9009,2023-04-17,2023-04-17,6:30,8:55,02:25,0,HV,BRU,IBZ,2023-04-07,6,57
HV_BRU_IBZ_2023-04-19_HV9009,HV9009,2023-04-19,2023-04-19,6:30,8:55,02:25,0,HV,BRU,IBZ,2023-04-07,-1,50
HV_BRU_IBZ_2023-04-21_HV9009,HV9009,2023-04-21,2023-04-21,17:20,19:45,02:25,0,HV,BRU,IBZ,2023-04-07,-1,182
HV_BRU_IBZ_2023-04-22_HV9009,HV9009,2023-04-22,2023-04-22,12:30,14:50,02:20,0,HV,BRU,IBZ,2023-04-07,-1,182
HV_BRU_IBZ_2023-04-24_HV9009,HV9009,2023-04-24,2023-04-24,6:30,8:55,02:25,0,HV,BRU,IBZ,2023-04-07,4,245
HV_BRU_IBZ_2023-04-26_HV9009,HV9009,2023-04-26,2023-04-26,6:30,8:55,02:25,0,HV,BRU,IBZ,2023-04-07,-1,163
HV_BRU_IBZ_2023-04-28_HV9009,HV9009,2023-04-28,2023-04-28,17:20,19:45,02:25,0,HV,BRU,IBZ,2023-04-07,3,223
HV_BRU_IBZ_2023-04-29_HV9009,HV9009,2023-04-29,2023-04-29,12:30,14:50,02:20,0,HV,BRU,IBZ,2023-04-07,-1,351
HV_BRU_IBZ_2023-05-01_HV9009,HV9009,2023-05-01,2023-05-01,6:30,8:55,02:25,0,HV,BRU,IBZ,2023-04-07,5,245
HV_BRU_IBZ_2023-05-03_HV9009,HV9009,2023-05-03,2023-05-03,6:30,8:55,02:25,0,HV,BRU,IBZ,2023-04-07,-1,100
HV_BRU_IBZ_2023-05-05_HV9009,HV9009,2023-05-05,2023-05-05,17:20,19:45,02:25,0,HV,BRU,IBZ,2023-04-07,-1,114
HV_BRU_IBZ_2023-05-06_HV9009,HV9009,2023-05-06,2023-05-06,12:30,14:50,02:20,0,HV,BRU,IBZ,2023-04-07,-1,163
HV_BRU_IBZ_2023-05-08_HV9009,HV9009,2023-05-08,2023-05-08,6:30,8:55,02:25,0,HV,BRU,IBZ,2023-04-07,8,129
HV_BRU_IBZ_2023-05-10_HV9009,HV9009,2023-05-10,2023-05-10,6:30,8:55,02:25,0,HV,BRU,IBZ,2023-04-07,-1,114
HV_BRU_IBZ_2023-05-12_HV9009,HV9009,2023-05-12,2023-05-12,17:20,19:45,02:25,0,HV,BRU,IBZ,2023-04-07,5,163
HV_BRU_IBZ_2023-05-13_HV9009,HV9009,2023-05-13,2023-05-13,12:30,14:50,02:20,0,HV,BRU,IBZ,2023-04-07,-1,223
HV_BRU_IBZ_2023-05-15_HV9009,HV9009,2023-05-15,2023-05-15,6:30,8:55,02:25,0,HV,BRU,IBZ,2023-04-07,8,223
HV_BRU_IBZ_2023-05-17_HV9009,HV9009,2023-05-17,2023-05-17,6:30,8:55,02:25,0,HV,BRU,IBZ,2023-04-07,3,321
HV_BRU_IBZ_2023-05-19_HV9009,HV9009,2023-05-19,2023-05-19,17:20,19:45,02:25,0,HV,BRU,IBZ,2023-04-07,9,163
HV_BRU_IBZ_2023-05-20_HV9009,HV9009,2023-05-20,2023-05-20,12:30,14:50,02:20,0,HV,BRU,IBZ,2023-04-07,9,163
HV_BRU_IBZ_2023-05-22_HV9009,HV9009,2023-05-22,2023-05-22,6:30,8:55,02:25,0,HV,BRU,IBZ,2023-04-07,4,114
HV_BRU_IBZ_2023-05-24_HV9009,HV9009,2023-05-24,2023-05-24,6:30,8:55,02:25,0,HV,BRU,IBZ,2023-04-07,1,182
HV_BRU_IBZ_2023-05-26_HV9009,HV9009,2023-05-26,2023-05-26,17:20,19:45,02:25,0,HV,BRU,IBZ,2023-04-07,8,223
HV_BRU_IBZ_2023-05-27_HV9009,HV9009,2023-05-27,2023-05-27,12:30,14:50,02:20,0,HV,BRU,IBZ,2023-04-07,2,245
HV_BRU_IBZ_2023-05-29_HV9009,HV9009,2023-05-29,2023-05-29,6:30,8:55,02:25,0,HV,BRU,IBZ,2023-04-07,-1,163
HV_BRU_IBZ_2023-05-31_HV9009,HV9009,2023-05-31,2023-05-31,6:30,8:55,02:25,0,HV,BRU,IBZ,2023-04-07,-1,146
HV_BRU_IBZ_2023-06-02_HV9009,HV9009,2023-06-02,2023-06-02,17:20,19:45,02:25,0,HV,BRU,IBZ,2023-04-07,-1,163
HV_BRU_IBZ_2023-06-03_HV9009,HV9009,2023-06-03,2023-06-03,12:30,14:50,02:20,0,HV,BRU,IBZ,2023-04-07,-1,182
HV_BRU_IBZ_2023-06-05_HV9009,HV9009,2023-06-05,2023-06-05,6:30,8:55,02:25,0,HV,BRU,IBZ,2023-04-07,1,100
HV_BRU_IBZ_2023-06-07_HV9009,HV9009,2023-06-07,2023-06-07,6:30,8:55,02:25,0,HV,BRU,IBZ,2023-04-07,-1,146
HV_BRU_IBZ_2023-06-09_HV9009,HV9009,2023-06-09,2023-06-09,17:20,19:45,02:25,0,HV,BRU,IBZ,2023-04-07,-1,223
HV_BRU_IBZ_2023-06-10_HV9009,HV9009,2023-06-10,2023-06-10,12:30,14:50,02:20,0,HV,BRU,IBZ,2023-04-07,1,163
HV_BRU_IBZ_2023-06-12_HV9009,HV9009,2023-06-12,2023-06-12,6:30,8:55,02:25,0,HV,BRU,IBZ,2023-04-07,-1,182
HV_BRU_IBZ_2023-06-14_HV9009,HV9009,2023-06-14,2023-06-14,6:30,8:55,02:25,0,HV,BRU,IBZ,2023-04-07,5,100
HV_BRU_IBZ_2023-06-16_HV9009,HV9009,2023-06-16,2023-06-16,17:20,19:45,02:25,0,HV,BRU,IBZ,2023-04-07,-1,146
HV_BRU_IBZ_2023-06-17_HV9009,HV9009,2023-06-17,2023-06-17,12:30,14:50,02:20,0,HV,BRU,IBZ,2023-04-07,1,129
HV_BRU_IBZ_2023-06-19_HV9009,HV9009,2023-06-19,2023-06-19,6:30,8:55,02:25,0,HV,BRU,IBZ,2023-04-07,4,100
HV_BRU_IBZ_2023-06-21_HV9009,HV9009,2023-06-21,2023-06-21,6:30,8:55,02:25,0,HV,BRU,IBZ,2023-04-07,4,146
HV_BRU_IBZ_2023-06-23_HV9009,HV9009,2023-06-23,2023-06-23,17:20,19:45,02:25,0,HV,BRU,IBZ,2023-04-07,8,114
HV_BRU_IBZ_2023-06-24_HV9009,HV9009,2023-06-24,2023-06-24,12:30,14:50,02:20,0,HV,BRU,IBZ,2023-04-07,6,146
HV_BRU_IBZ_2023-06-26_HV9009,HV9009,2023-06-26,2023-06-26,6:30,8:55,02:25,0,HV,BRU,IBZ,2023-04-07,-1,114
HV_BRU_IBZ_2023-06-28_HV9009,HV9009,2023-06-28,2023-06-28,6:30,8:55,02:25,0,HV,BRU,IBZ,2023-04-07,-1,129
HV_BRU_IBZ_2023-06-30_HV9023,HV9023,2023-06-30,2023-06-30,16:50,19:15,02:25,0,HV,BRU,IBZ,2023-04-07,-1,135
HV_BRU_IBZ_2023-07-02_HV9009,HV9009,2023-07-02,2023-07-02,15:30,17:55,02:25,0,HV,BRU,IBZ,2023-04-07,-1,208
HV_BRU_IBZ_2023-07-03_HV9009,HV9009,2023-07-03,2023-07-03,15:35,18:00,02:25,0,HV,BRU,IBZ,2023-04-07,-1,208
HV_BRU_IBZ_2023-07-05_HV9009,HV9009,2023-07-05,2023-07-05,6:30,8:55,02:25,0,HV,BRU,IBZ,2023-04-07,4,208
HV_BRU_IBZ_2023-07-07_HV9023,HV9023,2023-07-07,2023-07-07,16:50,19:15,02:25,0,HV,BRU,IBZ,2023-04-07,7,190
HV_BRU_IBZ_2023-07-09_HV9009,HV9009,2023-07-09,2023-07-09,15:30,17:55,02:25,0,HV,BRU,IBZ,2023-04-07,9,172
HV_BRU_IBZ_2023-07-10_HV9009,HV9009,2023-07-10,2023-07-10,15:35,18:00,02:25,0,HV,BRU,IBZ,2023-04-07,3,172
HV_BRU_IBZ_2023-07-12_HV9009,HV9009,2023-07-12,2023-07-12,6:30,8:55,02:25,0,HV,BRU,IBZ,2023-04-07,-1,172
HV_BRU_IBZ_2023-07-14_HV9023,HV9023,2023-07-14,2023-07-14,16:50,19:15,02:25,0,HV,BRU,IBZ,2023-04-07,4,172
HV_BRU_IBZ_2023-07-16_HV9009,HV9009,2023-07-16,2023-07-16,15:30,17:55,02:25,0,HV,BRU,IBZ,2023-04-07,10,208
HV_BRU_IBZ_2023-07-17_HV9009,HV9009,2023-07-17,2023-07-17,15:35,18:00,02:25,0,HV,BRU,IBZ,2023-04-07,-1,172
HV_BRU_IBZ_2023-07-19_HV9009,HV9009,2023-07-19,2023-07-19,6:30,8:55,02:25,0,HV,BRU,IBZ,2023-04-07,8,153
HV_BRU_IBZ_2023-07-21_HV9023,HV9023,2023-07-21,2023-07-21,16:50,19:15,02:25,0,HV,BRU,IBZ,2023-04-07,3,153
HV_BRU_IBZ_2023-07-23_HV9009,HV9009,2023-07-23,2023-07-23,15:30,17:55,02:25,0,HV,BRU,IBZ,2023-04-07,3,172
HV_BRU_IBZ_2023-07-24_HV9009,HV9009,2023-07-24,2023-07-24,15:35,18:00,02:25,0,HV,BRU,IBZ,2023-04-07,4,289
HV_BRU_IBZ_2023-07-26_HV9009,HV9009,2023-07-26,2023-07-26,6:30,8:55,02:25,0,HV,BRU,IBZ,2023-04-07,-1,153
HV_BRU_IBZ_2023-07-28_HV9023,HV9023,2023-07-28,2023-07-28,16:50,19:15,02:25,0,HV,BRU,IBZ,2023-04-07,10,135
HV_BRU_IBZ_2023-07-30_HV9009,HV9009,2023-07-30,2023-07-30,15:30,17:55,02:25,0,HV,BRU,IBZ,2023-04-07,1,172
HV_BRU_IBZ_2023-07-31_HV9009,HV9009,2023-07-31,2023-07-31,15:30,17:55,02:25,0,HV,BRU,IBZ,2023-04-07,1,172
HV_BRU_IBZ_2023-08-02_HV9009,HV9009,2023-08-02,2023-08-02,6:30,8:55,02:25,0,HV,BRU,IBZ,2023-04-07,3,146
HV_BRU_IBZ_2023-08-04_HV9023,HV9023,2023-08-04,2023-08-04,16:50,19:15,02:25,0,HV,BRU,IBZ,2023-04-07,4,100
HV_BRU_IBZ_2023-08-06_HV9009,HV9009,2023-08-06,2023-08-06,15:30,17:55,02:25,0,HV,BRU,IBZ,2023-04-07,9,114
HV_BRU_IBZ_2023-08-07_HV9009,HV9009,2023-08-07,2023-08-07,15:35,18:00,02:25,0,HV,BRU,IBZ,2023-04-07,9,129
HV_BRU_IBZ_2023-08-09_HV9009,HV9009,2023-08-09,2023-08-09,6:30,8:55,02:25,0,HV,BRU,IBZ,2023-04-07,2,88
HV_BRU_IBZ_2023-08-11_HV9023,HV9023,2023-08-11,2023-08-11,16:50,19:15,02:25,0,HV,BRU,IBZ,2023-04-07,8,88
HV_BRU_IBZ_2023-08-13_HV9009,HV9009,2023-08-13,2023-08-13,15:30,17:55,02:25,0,HV,BRU,IBZ,2023-04-07,-1,100
HV_BRU_IBZ_2023-08-14_HV9009,HV9009,2023-08-14,2023-08-14,15:35,18:00,02:25,0,HV,BRU,IBZ,2023-04-07,-1,88
HV_BRU_IBZ_2023-08-16_HV9009,HV9009,2023-08-16,2023-08-16,6:30,8:55,02:25,0,HV,BRU,IBZ,2023-04-07,5,76
HV_BRU_IBZ_2023-08-18_HV9023,HV9023,2023-08-18,2023-08-18,16:50,19:15,02:25,0,HV,BRU,IBZ,2023-04-07,9,66
HV_BRU_IBZ_2023-08-20_HV9009,HV9009,2023-08-20,2023-08-20,15:30,17:55,02:25,0,HV,BRU,IBZ,2023-04-07,-1,88
HV_BRU_IBZ_2023-08-21_HV9009,HV9009,2023-08-21,2023-08-21,15:35,18:00,02:25,0,HV,BRU,IBZ,2023-04-07,-1,76
HV_BRU_IBZ_2023-08-23_HV9009,HV9009,2023-08-23,2023-08-23,6:30,8:55,02:25,0,HV,BRU,IBZ,2023-04-07,2,88
HV_BRU_IBZ_2023-08-25_HV9023,HV9023,2023-08-25,2023-08-25,16:50,19:15,02:25,0,HV,BRU,IBZ,2023-04-07,10,66
HV_BRU_IBZ_2023-08-27_HV9009,HV9009,2023-08-27,2023-08-27,15:30,17:55,02:25,0,HV,BRU,IBZ,2023-04-07,4,50
HV_BRU_IBZ_2023-08-28_HV9009,HV9009,2023-08-28,2023-08-28,6:30,8:55,02:25,0,HV,BRU,IBZ,2023-04-07,-1,57
HV_BRU_IBZ_2023-08-30_HV9009,HV9009,2023-08-30,2023-08-30,6:30,8:55,02:25,0,HV,BRU,IBZ,2023-04-07,2,66
HV_BRU_IBZ_2023-09-01_HV9009,HV9009,2023-09-01,2023-09-01,16:50,19:15,02:25,0,HV,BRU,IBZ,2023-04-07,-1,100
HV_BRU_IBZ_2023-09-02_HV9013,HV9013,2023-09-02,2023-09-02,17:40,20:05,02:25,0,HV,BRU,IBZ,2023-04-07,-1,100
HV_BRU_IBZ_2023-09-04_HV9009,HV9009,2023-09-04,2023-09-04,6:30,8:55,02:25,0,HV,BRU,IBZ,2023-04-07,1,146
HV_BRU_IBZ_2023-09-06_HV9009,HV9009,2023-09-06,2023-09-06,6:30,8:55,02:25,0,HV,BRU,IBZ,2023-04-07,-1,182
HV_BRU_IBZ_2023-09-08_HV9009,HV9009,2023-09-08,2023-09-08,16:50,19:15,02:25,0,HV,BRU,IBZ,2023-04-07,-1,146
HV_BRU_IBZ_2023-09-09_HV9013,HV9013,2023-09-09,2023-09-09,17:40,20:05,02:25,0,HV,BRU,IBZ,2023-04-07,-1,100
HV_BRU_IBZ_2023-09-11_HV9009,HV9009,2023-09-11,2023-09-11,6:30,8:55,02:25,0,HV,BRU,IBZ,2023-04-07,-1,129
HV_BRU_IBZ_2023-09-13_HV9009,HV9009,2023-09-13,2023-09-13,6:30,8:55,02:25,0,HV,BRU,IBZ,2023-04-07,3,129
HV_BRU_IBZ_2023-09-15_HV9009,HV9009,2023-09-15,2023-09-15,16:50,19:15,02:25,0,HV,BRU,IBZ,2023-04-07,7,146
HV_BRU_IBZ_2023-09-16_HV9013,HV9013,2023-09-16,2023-09-16,17:40,20:05,02:25,0,HV,BRU,IBZ,2023-04-07,-1,114
HV_BRU_IBZ_2023-09-18_HV9009,HV9009,2023-09-18,2023-09-18,6:30,8:55,02:25,0,HV,BRU,IBZ,2023-04-07,9,146
HV_BRU_IBZ_2023-09-20_HV9009,HV9009,2023-09-20,2023-09-20,6:30,8:55,02:25,0,HV,BRU,IBZ,2023-04-07,4,182
HV_BRU_IBZ_2023-09-22_HV9009,HV9009,2023-09-22,2023-09-22,16:50,19:15,02:25,0,HV,BRU,IBZ,2023-04-07,10,129
HV_BRU_IBZ_2023-09-23_HV9013,HV9013,2023-09-23,2023-09-23,17:40,20:05,02:25,0,HV,BRU,IBZ,2023-04-07,10,88
HV_BRU_IBZ_2023-09-25_HV9009,HV9009,2023-09-25,2023-09-25,6:30,8:55,02:25,0,HV,BRU,IBZ,2023-04-07,9,146
HV_BRU_IBZ_2023-09-27_HV9009,HV9009,2023-09-27,2023-09-27,6:30,8:55,02:25,0,HV,BRU,IBZ,2023-04-07,-1,114
HV_BRU_IBZ_2023-09-29_HV9009,HV9009,2023-09-29,2023-09-29,16:50,19:15,02:25,0,HV,BRU,IBZ,2023-04-07,4,146
HV_BRU_IBZ_2023-09-30_HV9013,HV9013,2023-09-30,2023-09-30,17:40,20:05,02:25,0,HV,BRU,IBZ,2023-04-07,5,76
HV_BRU_IBZ_2023-10-02_HV9009,HV9009,2023-10-02,2023-10-02,6:30,8:55,02:25,0,HV,BRU,IBZ,2023-04-07,5,88
HV_BRU_IBZ_2023-10-04_HV9009,HV9009,2023-10-04,2023-10-04,6:30,8:55,02:25,0,HV,BRU,IBZ,2023-04-07,4,129
HV_BRU_IBZ_2023-10-06_HV9009,HV9009,2023-10-06,2023-10-06,16:50,19:15,02:25,0,HV,BRU,IBZ,2023-04-07,9,88
HV_BRU_IBZ_2023-10-07_HV9013,HV9013,2023-10-07,2023-10-07,17:40,20:05,02:25,0,HV,BRU,IBZ,2023-04-07,9,57
HV_BRU_TFS_2023-07-01_HV9061,HV9061,2023-07-01,2023-07-01,7:00,10:30,03:30,0,HV,BRU,TFS,2023-04-07,-1,278
HV_BRU_TFS_2023-07-05_HV9061,HV9061,2023-07-05,2023-07-05,6:30,10:00,03:30,0,HV,BRU,TFS,2023-04-07,6,238
HV_BRU_TFS_2023-07-05_HV9061,HV9061,2023-07-05,2023-07-05,6:30,10:00,03:30,0,HV,BRU,TFS,2023-04-07,6,238
HV_BRU_TFS_2023-07-08_HV9061,HV9061,2023-07-08,2023-07-08,7:00,10:30,03:30,0,HV,BRU,TFS,2023-04-07,-1,349
HV_BRU_TFS_2023-07-12_HV9061,HV9061,2023-07-12,2023-07-12,6:30,10:00,03:30,0,HV,BRU,TFS,2023-04-07,-1,257
HV_BRU_TFS_2023-07-15_HV9061,HV9061,2023-07-15,2023-07-15,7:00,10:30,03:30,0,HV,BRU,TFS,2023-04-07,1,301
HV_BRU_TFS_2023-07-19_HV9061,HV9061,2023-07-19,2023-07-19,6:30,10:00,03:30,0,HV,BRU,TFS,2023-04-07,5,257
HV_BRU_TFS_2023-07-22_HV9061,HV9061,2023-07-22,2023-07-22,7:00,10:30,03:30,0,HV,BRU,TFS,2023-04-07,9,278
HV_BRU_TFS_2023-07-26_HV9061,HV9061,2023-07-26,2023-07-26,6:30,10:00,03:30,0,HV,BRU,TFS,2023-04-07,2,238
HV_BRU_TFS_2023-07-29_HV9061,HV9061,2023-07-29,2023-07-29,7:00,10:30,03:30,0,HV,BRU,TFS,2023-04-07,10,257
HV_BRU_TFS_2023-08-02_HV9061,HV9061,2023-08-02,2023-08-02,6:30,10:00,03:30,0,HV,BRU,TFS,2023-04-07,8,232
HV_BRU_TFS_2023-08-05_HV9061,HV9061,2023-08-05,2023-08-05,7:00,10:30,03:30,0,HV,BRU,TFS,2023-04-07,1,216
HV_BRU_TFS_2023-08-09_HV9061,HV9061,2023-08-09,2023-08-09,6:30,10:00,03:30,0,HV,BRU,TFS,2023-04-07,6,170
HV_BRU_TFS_2023-08-12_HV9061,HV9061,2023-08-12,2023-08-12,7:00,10:30,03:30,0,HV,BRU,TFS,2023-04-07,3,185
HV_BRU_TFS_2023-08-16_HV9061,HV9061,2023-08-16,2023-08-16,6:30,10:00,03:30,0,HV,BRU,TFS,2023-04-07,-1,185
HV_BRU_TFS_2023-08-19_HV9061,HV9061,2023-08-19,2023-08-19,7:00,10:30,03:30,0,HV,BRU,TFS,2023-04-07,5,170
HV_BRU_TFS_2023-08-23_HV9061,HV9061,2023-08-23,2023-08-23,6:30,10:00,03:30,0,HV,BRU,TFS,2023-04-07,10,93
HV_BRU_TFS_2023-08-26_HV9061,HV9061,2023-08-26,2023-08-26,7:00,10:30,03:30,0,HV,BRU,TFS,2023-04-07,6,79
HV_BRU_TFS_2023-08-30_HV9061,HV9061,2023-08-30,2023-08-30,6:30,10:00,03:30,0,HV,BRU,TFS,2023-04-07,5,139
HV_BRU_TFS_2023-09-02_HV9061,HV9061,2023-09-02,2023-09-02,6:30,10:00,03:30,0,HV,BRU,TFS,2023-04-07,3,154
HV_BRU_TFS_2023-09-06_HV9061,HV9061,2023-09-06,2023-09-06,6:30,10:00,03:30,0,HV,BRU,TFS,2023-04-07,3,139
HV_BRU_TFS_2023-09-09_HV9061,HV9061,2023-09-09,2023-09-09,6:30,10:00,03:30,0,HV,BRU,TFS,2023-04-07,1,154
HV_BRU_TFS_2023-09-13_HV9061,HV9061,2023-09-13,2023-09-13,6:30,10:00,03:30,0,HV,BRU,TFS,2023-04-07,-1,102
HV_BRU_TFS_2023-09-16_HV9061,HV9061,2023-09-16,2023-09-16,6:30,10:00,03:30,0,HV,BRU,TFS,2023-04-07,8,139
HV_BRU_TFS_2023-09-20_HV9061,HV9061,2023-09-20,2023-09-20,6:30,10:00,03:30,0,HV,BRU,TFS,2023-04-07,6,139
HV_BRU_TFS_2023-09-23_HV9061,HV9061,2023-09-23,2023-09-23,6:30,10:00,03:30,0,HV,BRU,TFS,2023-04-07,-1,154
HV_BRU_TFS_2023-09-27_HV9061,HV9061,2023-09-27,2023-09-27,6:30,10:00,03:30,0,HV,BRU,TFS,2023-04-07,-1,185
HV_BRU_TFS_2023-09-30_HV9061,HV9061,2023-09-30,2023-09-30,6:30,10:00,03:30,0,HV,BRU,TFS,2023-04-07,4,200
HV_BRU_TFS_2023-10-04_HV9061,HV9061,2023-10-04,2023-10-04,6:30,10:00,03:30,0,HV,BRU,TFS,2023-04-07,10,170
HV_BRU_TFS_2023-10-07_HV9061,HV9061,2023-10-07,2023-10-07,6:30,10:00,03:30,0,HV,BRU,TFS,2023-04-07,9,185
HV_BRU_TFS_2023-10-11_HV9061,HV9061,2023-10-11,2023-10-11,6:30,10:00,03:30,0,HV,BRU,TFS,2023-04-07,8,170
HV_BRU_TFS_2023-10-14_HV9061,HV9061,2023-10-14,2023-10-14,6:30,10:00,03:30,0,HV,BRU,TFS,2023-04-07,8,268
HV_BRU_AGP_2023-06-29_HV9033,HV9033,2023-06-29,2023-06-29,16:45,19:35,02:50,0,HV,BRU,AGP,2023-04-07,4,87
HV_BRU_AGP_2023-06-30_HV9033,HV9033,2023-06-30,2023-06-30,16:00,18:50,02:50,0,HV,BRU,AGP,2023-04-07,4,152
HV_BRU_AGP_2023-07-02_HV9033,HV9033,2023-07-02,2023-07-02,17:05,19:55,02:50,0,HV,BRU,AGP,2023-04-07,7,167
HV_BRU_AGP_2023-07-03_HV9033,HV9033,2023-07-03,2023-07-03,7:30,10:20,02:50,0,HV,BRU,AGP,2023-04-07,1,184
HV_BRU_AGP_2023-07-04_HV9033,HV9033,2023-07-04,2023-07-04,15:55,18:45,02:50,0,HV,BRU,AGP,2023-04-07,-1,184
HV_BRU_AGP_2023-07-05_HV9031,HV9031,2023-07-05,2023-07-05,17:05,19:55,02:50,0,HV,BRU,AGP,2023-04-07,3,152
HV_BRU_AGP_2023-07-06_HV9033,HV9033,2023-07-06,2023-07-06,16:45,19:35,02:50,0,HV,BRU,AGP,2023-04-07,9,167
HV_BRU_AGP_2023-07-07_HV9033,HV9033,2023-07-07,2023-07-07,16:00,18:50,02:50,0,HV,BRU,AGP,2023-04-07,4,201
HV_BRU_AGP_2023-07-09_HV9033,HV9033,2023-07-09,2023-07-09,17:05,19:55,02:50,0,HV,BRU,AGP,2023-04-07,-1,201
HV_BRU_AGP_2023-07-10_HV9033,HV9033,2023-07-10,2023-07-10,7:30,10:20,02:50,0,HV,BRU,AGP,2023-04-07,-1,201
HV_BRU_AGP_2023-07-11_HV9033,HV9033,2023-07-11,2023-07-11,15:55,18:45,02:50,0,HV,BRU,AGP,2023-04-07,-1,184
HV_BRU_AGP_2023-07-12_HV9031,HV9031,2023-07-12,2023-07-12,17:05,19:55,02:50,0,HV,BRU,AGP,2023-04-07,1,167
HV_BRU_AGP_2023-07-13_HV9033,HV9033,2023-07-13,2023-07-13,16:45,19:35,02:50,0,HV,BRU,AGP,2023-04-07,3,167
HV_BRU_AGP_2023-07-14_HV9033,HV9033,2023-07-14,2023-07-14,16:00,18:50,02:50,0,HV,BRU,AGP,2023-04-07,3,201
HV_BRU_AGP_2023-07-16_HV9033,HV9033,2023-07-16,2023-07-16,17:05,19:55,02:50,0,HV,BRU,AGP,2023-04-07,-1,201
HV_BRU_AGP_2023-07-17_HV9033,HV9033,2023-07-17,2023-07-17,7:30,10:20,02:50,0,HV,BRU,AGP,2023-04-07,10,258
HV_BRU_AGP_2023-07-18_HV9033,HV9033,2023-07-18,2023-07-18,15:55,18:45,02:50,0,HV,BRU,AGP,2023-04-07,7,184
HV_BRU_AGP_2023-07-19_HV9031,HV9031,2023-07-19,2023-07-19,17:05,19:55,02:50,0,HV,BRU,AGP,2023-04-07,-1,184
HV_BRU_AGP_2023-07-20_HV9033,HV9033,2023-07-20,2023-07-20,16:45,19:35,02:50,0,HV,BRU,AGP,2023-04-07,5,167
HV_BRU_AGP_2023-07-21_HV9033,HV9033,2023-07-21,2023-07-21,16:00,18:50,02:50,0,HV,BRU,AGP,2023-04-07,-1,201
HV_BRU_AGP_2023-07-23_HV9033,HV9033,2023-07-23,2023-07-23,17:05,19:55,02:50,0,HV,BRU,AGP,2023-04-07,9,184
HV_BRU_AGP_2023-07-24_HV9033,HV9033,2023-07-24,2023-07-24,7:30,10:20,02:50,0,HV,BRU,AGP,2023-04-07,10,201
HV_BRU_AGP_2023-07-25_HV9033,HV9033,2023-07-25,2023-07-25,15:55,18:45,02:50,0,HV,BRU,AGP,2023-04-07,3,152
HV_BRU_AGP_2023-07-26_HV9031,HV9031,2023-07-26,2023-07-26,17:05,19:55,02:50,0,HV,BRU,AGP,2023-04-07,-1,138
HV_BRU_AGP_2023-07-27_HV9033,HV9033,2023-07-27,2023-07-27,16:45,19:35,02:50,0,HV,BRU,AGP,2023-04-07,4,138
HV_BRU_AGP_2023-07-28_HV9033,HV9033,2023-07-28,2023-07-28,16:00,18:50,02:50,0,HV,BRU,AGP,2023-04-07,5,152
HV_BRU_AGP_2023-07-30_HV9033,HV9033,2023-07-30,2023-07-30,17:05,19:55,02:50,0,HV,BRU,AGP,2023-04-07,-1,138
HV_BRU_AGP_2023-07-31_HV9033,HV9033,2023-07-31,2023-07-31,7:30,10:20,02:50,0,HV,BRU,AGP,2023-04-07,1,152
HV_BRU_AGP_2023-08-01_HV9033,HV9033,2023-08-01,2023-08-01,15:55,18:45,02:50,0,HV,BRU,AGP,2023-04-07,-1,165
HV_BRU_AGP_2023-08-02_HV9031,HV9031,2023-08-02,2023-08-02,17:05,19:55,02:50,0,HV,BRU,AGP,2023-04-07,5,109
HV_BRU_AGP_2023-08-03_HV9033,HV9033,2023-08-03,2023-08-03,16:45,19:35,02:50,0,HV,BRU,AGP,2023-04-07,1,97
HV_BRU_AGP_2023-08-04_HV9033,HV9033,2023-08-04,2023-08-04,16:00,18:50,02:50,0,HV,BRU,AGP,2023-04-07,4,122
HV_BRU_AGP_2023-08-06_HV9033,HV9033,2023-08-06,2023-08-06,17:05,19:55,02:50,0,HV,BRU,AGP,2023-04-07,-1,109
HV_BRU_AGP_2023-08-07_HV9033,HV9033,2023-08-07,2023-08-07,7:30,10:20,02:50,0,HV,BRU,AGP,2023-04-07,8,109
HV_BRU_AGP_2023-08-08_HV9033,HV9033,2023-08-08,2023-08-08,15:55,18:45,02:50,0,HV,BRU,AGP,2023-04-07,4,97
HV_BRU_AGP_2023-08-09_HV9031,HV9031,2023-08-09,2023-08-09,17:05,19:55,02:50,0,HV,BRU,AGP,2023-04-07,-1,87
HV_BRU_AGP_2023-08-10_HV9033,HV9033,2023-08-10,2023-08-10,16:45,19:35,02:50,0,HV,BRU,AGP,2023-04-07,6,97
HV_BRU_AGP_2023-08-11_HV9033,HV9033,2023-08-11,2023-08-11,16:00,18:50,02:50,0,HV,BRU,AGP,2023-04-07,7,97
HV_BRU_AGP_2023-08-13_HV9033,HV9033,2023-08-13,2023-08-13,17:05,19:55,02:50,0,HV,BRU,AGP,2023-04-07,-1,109
HV_BRU_AGP_2023-08-14_HV9033,HV9033,2023-08-14,2023-08-14,7:30,10:20,02:50,0,HV,BRU,AGP,2023-04-07,-1,109
HV_BRU_AGP_2023-08-15_HV9033,HV9033,2023-08-15,2023-08-15,15:55,18:45,02:50,0,HV,BRU,AGP,2023-04-07,4,78
HV_BRU_AGP_2023-08-16_HV9031,HV9031,2023-08-16,2023-08-16,17:05,19:55,02:50,0,HV,BRU,AGP,2023-04-07,3,78
HV_BRU_AGP_2023-08-17_HV9033,HV9033,2023-08-17,2023-08-17,16:45,19:35,02:50,0,HV,BRU,AGP,2023-04-07,5,87
HV_BRU_AGP_2023-08-18_HV9033,HV9033,2023-08-18,2023-08-18,16:00,18:50,02:50,0,HV,BRU,AGP,2023-04-07,1,78
HV_BRU_AGP_2023-08-20_HV9033,HV9033,2023-08-20,2023-08-20,17:05,19:55,02:50,0,HV,BRU,AGP,2023-04-07,6,78
HV_BRU_AGP_2023-08-21_HV9033,HV9033,2023-08-21,2023-08-21,7:30,10:20,02:50,0,HV,BRU,AGP,2023-04-07,9,87
HV_BRU_AGP_2023-08-22_HV9033,HV9033,2023-08-22,2023-08-22,15:55,18:45,02:50,0,HV,BRU,AGP,2023-04-07,9,61
HV_BRU_AGP_2023-08-23_HV9031,HV9031,2023-08-23,2023-08-23,17:05,19:55,02:50,0,HV,BRU,AGP,2023-04-07,1,49
HV_BRU_AGP_2023-08-24_HV9033,HV9033,2023-08-24,2023-08-24,16:45,19:35,02:50,0,HV,BRU,AGP,2023-04-07,6,54
HV_BRU_AGP_2023-08-25_HV9033,HV9033,2023-08-25,2023-08-25,16:00,18:50,02:50,0,HV,BRU,AGP,2023-04-07,2,61
HV_BRU_AGP_2023-08-27_HV9033,HV9033,2023-08-27,2023-08-27,17:05,19:55,02:50,0,HV,BRU,AGP,2023-04-07,7,61
HV_BRU_AGP_2023-08-29_HV9033,HV9033,2023-08-29,2023-08-29,15:25,18:15,02:50,0,HV,BRU,AGP,2023-04-07,2,44
HV_BRU_AGP_2023-08-30_HV9031,HV9031,2023-08-30,2023-08-30,17:05,19:55,02:50,0,HV,BRU,AGP,2023-04-07,4,44
HV_BRU_AGP_2023-08-31_HV9033,HV9033,2023-08-31,2023-08-31,7:30,10:20,02:50,0,HV,BRU,AGP,2023-04-07,-1,68
HV_BRU_AGP_2023-09-01_HV9033,HV9033,2023-09-01,2023-09-01,16:15,19:05,02:50,0,HV,BRU,AGP,2023-04-07,5,97
HV_BRU_AGP_2023-09-03_HV9033,HV9033,2023-09-03,2023-09-03,15:20,18:10,02:50,0,HV,BRU,AGP,2023-04-07,-1,87
HV_BRU_AGP_2023-09-05_HV9033,HV9033,2023-09-05,2023-09-05,15:25,18:15,02:50,0,HV,BRU,AGP,2023-04-07,6,68
HV_BRU_AGP_2023-09-06_HV9031,HV9031,2023-09-06,2023-09-06,17:05,19:55,02:50,0,HV,BRU,AGP,2023-04-07,-1,61
HV_BRU_AGP_2023-09-07_HV9033,HV9033,2023-09-07,2023-09-07,7:30,10:20,02:50,0,HV,BRU,AGP,2023-04-07,5,97
HV_BRU_AGP_2023-09-08_HV9033,HV9033,2023-09-08,2023-09-08,16:15,19:05,02:50,0,HV,BRU,AGP,2023-04-07,1,87
HV_BRU_AGP_2023-09-10_HV9033,HV9033,2023-09-10,2023-09-10,15:20,18:10,02:50,0,HV,BRU,AGP,2023-04-07,-1,87
HV_BRU_AGP_2023-09-12_HV9033,HV9033,2023-09-12,2023-09-12,15:25,18:15,02:50,0,HV,BRU,AGP,2023-04-07,10,78
HV_BRU_AGP_2023-09-13_HV9033,HV9033,2023-09-13,2023-09-13,15:25,18:15,02:50,0,HV,BRU,AGP,2023-04-07,10,78
HV_BRU_AGP_2023-09-14_HV9033,HV9033,2023-09-14,2023-09-14,7:30,10:20,02:50,0,HV,BRU,AGP,2023-04-07,9,122
HV_BRU_AGP_2023-09-15_HV9033,HV9033,2023-09-15,2023-09-15,16:15,19:05,02:50,0,HV,BRU,AGP,2023-04-07,3,97
HV_BRU_AGP_2023-09-17_HV9033,HV9033,2023-09-17,2023-09-17,15:20,18:10,02:50,0,HV,BRU,AGP,2023-04-07,10,78
HV_BRU_AGP_2023-09-19_HV9033,HV9033,2023-09-19,2023-09-19,15:25,18:15,02:50,0,HV,BRU,AGP,2023-04-07,10,68
HV_BRU_AGP_2023-09-20_HV9031,HV9031,2023-09-20,2023-09-20,17:05,19:55,02:50,0,HV,BRU,AGP,2023-04-07,-1,68
HV_BRU_AGP_2023-09-21_HV9033,HV9033,2023-09-21,2023-09-21,7:30,10:20,02:50,0,HV,BRU,AGP,2023-04-07,6,109
HV_BRU_AGP_2023-09-22_HV9033,HV9033,2023-09-22,2023-09-22,16:15,19:05,02:50,0,HV,BRU,AGP,2023-04-07,8,97
HV_BRU_AGP_2023-09-24_HV9033,HV9033,2023-09-24,2023-09-24,15:20,18:10,02:50,0,HV,BRU,AGP,2023-04-07,-1,87
HV_BRU_AGP_2023-09-26_HV9033,HV9033,2023-09-26,2023-09-26,15:25,18:15,02:50,0,HV,BRU,AGP,2023-04-07,6,54
HV_BRU_AGP_2023-09-27_HV9031,HV9031,2023-09-27,2023-09-27,17:05,19:55,02:50,0,HV,BRU,AGP,2023-04-07,2,61
HV_BRU_AGP_2023-09-28_HV9033,HV9033,2023-09-28,2023-09-28,7:30,10:20,02:50,0,HV,BRU,AGP,2023-04-07,2,109
HV_BRU_AGP_2023-09-29_HV9033,HV9033,2023-09-29,2023-09-29,16:15,19:05,02:50,0,HV,BRU,AGP,2023-04-07,1,97
HV_BRU_AGP_2023-10-01_HV9033,HV9033,2023-10-01,2023-10-01,15:20,18:10,02:50,0,HV,BRU,AGP,2023-04-07,7,109
HV_BRU_AGP_2023-10-03_HV9033,HV9033,2023-10-03,2023-10-03,15:25,18:15,02:50,0,HV,BRU,AGP,2023-04-07,6,61
HV_BRU_AGP_2023-10-04_HV9031,HV9031,2023-10-04,2023-10-04,17:05,19:55,02:50,0,HV,BRU,AGP,2023-04-07,4,61
HV_BRU_AGP_2023-10-05_HV9033,HV9033,2023-10-05,2023-10-05,7:30,10:20,02:50,0,HV,BRU,AGP,2023-04-07,-1,97
HV_BRU_AGP_2023-10-06_HV9033,HV9033,2023-10-06,2023-10-06,16:15,19:05,02:50,0,HV,BRU,AGP,2023-04-07,7,87
HV_BRU_AGP_2023-10-08_HV9033,HV9033,2023-10-08,2023-10-08,15:20,18:10,02:50,0,HV,BRU,AGP,2023-04-07,-1,97
HV_BRU_AGP_2023-10-10_HV9033,HV9033,2023-10-10,2023-10-10,15:25,18:15,02:50,0,HV,BRU,AGP,2023-04-07,3,49
